tag,content
natural,"b'Hey @jack, would be great if you could go and visit the #Rohingya refugees in #Bangladesh. It will help you to unde\xe2\x80\xa6 https://t.co/xw5jGayhoW'"
sports,b'RT @Mustafiz90: We are all set for first ODI against Windies. Remember team Bangladesh in your prayers. #BANvWI https://t.co/L8418HyKrY'
politics,b'HPM #SheikhHasina has aimed to boost the economic growth of #Bangladesh as high as 10 percent if she is re-elected\xe2\x80\xa6 https://t.co/TVx9oabSHJ'
crime,b'RT @Hammad_Azhar: @am_nawazish The duty structure on phones is the same as before. We simply clamped down on smuggling. And a flat rate can\xe2\x80\xa6'
sports,b'#AUSvIND #AUSvsIND #AusvIndia #ChhodnaMat \n#ShameOnSPNSports \n#AskTheExpert Why did @SPNSportsIndia HATE only\xe2\x80\xa6 https://t.co/lmMe5Xj1Xc'
natural,b'RT @DDisplacement: Climate change is not only an environmental issue but also a security issue for Bangladesh - Foreign Secretary Shahidul\xe2\x80\xa6'
politics,b'@RahulGandhi Smt Indra Gandhi ji independent Bangladesh independent Bangladesh president and surrender 93000 soldie\xe2\x80\xa6 https://t.co/UICJAiFqar'
natural,b'RT @Refugees: \xe2\x80\x9cThey were from our communities and had no opportunity to go to school. I felt a strong responsibility to teach them.\xe2\x80\x9d\n\nAline\xe2\x80\xa6'
sports,b'#AUSvIND #AUSvsIND #AusvIndia #ChhodnaMat \n#ShameOnSPNSports \n#AskTheExpert Why did @SPNSportsIndia HATE only\xe2\x80\xa6 https://t.co/lmMe5Xj1Xc'
crime,"b""- bangladesh does not expresses but crime against hindu's, torching of hindu's temples since 1947, even after 1971\xe2\x80\xa6 https://t.co/1nN61v7RSU"""
crime,"b'RT @ikfaisal: Pakistan should apologize for their committed war crime in Bangladesh. As promised, they should also start trial of 195 Pakis\xe2\x80\xa6'"
crime,"b'@CNBC @CNBCMakeIt Today ""Biswajit Das Killing day"" On that day In Bangladesh. Biswajit\xc2\xa0was a 24-year-old hindu tail\xe2\x80\xa6 https://t.co/Ov5yjQjViR'"
crime,"b""- bangladesh does not expresses but crime against hindu's, torching of hindu's temples since 1947, even after 1971\xe2\x80\xa6 https://t.co/1nN61v7RSU"""
natural,b'91 years old Australian build 42 schools in Bangladesh https://t.co/EIRN8NbK5C'
natural,b'RT @taslimanasreen: Hypocrite Bangladesh celebrating  birth anniversary extravaganza of an early 20th century  feminist writer who is now d\xe2\x80\xa6'
crime,b'RT @ivowtothee: British beauty queen forced to marry #Bangladesh man twice her age when she was just 15 he raped her every single day so sh\xe2\x80\xa6'
natural,"b""#freedom @ Gloria Jean's Coffees Bangladesh https://t.co/o2WDmNKL0C"""
sports,b'Congrats Bangladesh cricket team won the first ODI against West Indies.congrats masrafe played 200th ODI.ODI no-407\xe2\x80\xa6 https://t.co/SDLmEGIeI7'
natural,b'RT @qz: \xe2\x80\x9cI try to take their pain away through play\xe2\x80\x9d: A healing experiment in Rohingya refugee camps https://t.co/E1WulBp2qt'
sports,b'RT @CPL: The target is 196 for the Bangladesh Cricket Team !!! #BANvWI #CricketPlayedLouder https://t.co/MuFY5e64Id'
politics,b'Bangladesh party says hundreds of supporters held before polls - https://t.co/DSQlCdztsF'
crime,b'RT @Hammad_Azhar: @am_nawazish The duty structure on phones is the same as before. We simply clamped down on smuggling. And a flat rate can\xe2\x80\xa6'
natural,b'RT @dennisyemyint: #Rohingya is not an ethnic but a political construction. A significant number of Muslims from Bengal (at the time part o\xe2\x80\xa6'
crime,"b""RT @Galaxy2Milkiway: @krassenstein This guy's real name is mahfuzur Rahman &amp; disguised name Prince. In 2016 he opened a fake consultancy fi\xe2\x80\xa6"""
natural,"b""RT @AJEnglish: Can genetically modified crops improve the lives of the poorest farmers?\n\nFollow the interactive web story of Bangladesh's G\xe2\x80\xa6"""
sports,b'RT @BrokenCricket: Mustafizur Rahman will miss IPL 2019. \n\nThe Bangladesh Cricket Board haven\xe2\x80\x99t granted him an NOC to participate.'
natural,"b'RT @deirdrekent: ""Much of Bangladesh will be flooded by the end of the century, if not before. Millions of Bangladeshis will become homeles\xe2\x80\xa6'"
sports,"b'@euniqueusername @HOUNGOUNGAGNE oh damm more than 800k players online at the same time , valve have to create and b\xe2\x80\xa6 https://t.co/Ewjgkh2xAR'"
natural,b'A China-Bangladesh joint venture is going to construct mega expressway bypassing Dhaka.\n\n https://t.co/K4LoOI1dqH'
politics,"b'JP refuses to quit in 145 seats Aggrieved at getting only 29 seats from the ruling Awami League, the Jatiya Party h\xe2\x80\xa6 https://t.co/LMa19PliOS'"
natural,"b'#CKD is more common in people of south Asian origin (India, Bangladesh, Sri Lanka and Pakistan) and black people than the general population'"
politics,"b'One killed, over 200 injured in Tabligh Jamaat factional clash in Tongi https://t.co/zuTADIOAfx'"
natural,b'RT @qz: \xe2\x80\x9cI try to take their pain away through play\xe2\x80\x9d: A healing experiment in Rohingya refugee camps https://t.co/E1WulBp2qt'
sports,b'SR Watson (AUS) has the highest average of all ODI batsmen away vs Bangladesh after losing the toss https://t.co/6sJvK3lZwX'
natural,"b'RT @dancewithwovels: @AllRohingyaNow\n#WeAreAllRohingyaNow\n@Jack #Bangladesh\nHas 750,000 #RohingyaRefugees Deported from Villages,Home burnt\xe2\x80\xa6'"
crime,b'RT @Hammad_Azhar: @am_nawazish The duty structure on phones is the same as before. We simply clamped down on smuggling. And a flat rate can\xe2\x80\xa6'
natural,"b'RT @GeographyNow: Some countries need water &amp; some have too much. Like we explained in the episode, #Bangladesh is located on the biggest r\xe2\x80\xa6'"
crime,b'British beauty queen forced to marry #Bangladesh man twice her age when she was just 15 he raped her every single d\xe2\x80\xa6 https://t.co/BmQIocE0qA'
natural,"b'@AllRohingyaNow\n#WeAreAllRohingyaNow\n@Jack #Bangladesh\nHas 750,000 #RohingyaRefugees Deported from Villages,Home bu\xe2\x80\xa6 https://t.co/yQ21qW7nus'"
politics,"b'Bangladesh party says hundreds of supporters held before polls \nBangladesh\xe2\x80\x99s opposition party says nearly 2,000 of\xe2\x80\xa6 https://t.co/te3NYlVrfc'"
sports,"b'RT @SYahyaHussaini: Selection process in @TheRealPCB is now really alarming . Just a day after defeat against @BLACKCAPS ,Pakistan team los\xe2\x80\xa6'"
natural,b'RT @qz: \xe2\x80\x9cI try to take their pain away through play\xe2\x80\x9d: A healing experiment in Rohingya refugee camps https://t.co/E1WulBp2qt'
politics,b'RT @CongressDahan: @MaheshNBhatt In 1947 India had 8% Muslims Pakistan-Bangladesh combined 24% Hindus-Sikhs. Today India has 24% Muslims Pa\xe2\x80\xa6'
natural,"b'RT @B52Malmet: Also this other huge humanitarian crisis. \xe2\x80\x9cThe refugee camp where Eshak now lives is home to 902,984 Rohingya Muslims. It\xe2\x80\x99s\xe2\x80\xa6'"
politics,"b'RT @ikfaisal: Pakistan should apologize for their committed war crime in Bangladesh. As promised, they should also start trial of 195 Pakis\xe2\x80\xa6'"
crime,b'#ImACelebrity got me googling Harry Redknapp. Turns out he managed the Jordan men\xe2\x80\x99s national team for 2 games in 20\xe2\x80\xa6 https://t.co/ZCsXGrs96l'
natural,"b'@connectingd3 @jollyjohri @tweet2el @bainjal Now calculate the population of Hindus in Afghan, Pakistan, Bangladesh\xe2\x80\xa6 https://t.co/2ZBBliW3uI'"
crime,b'RT @Hammad_Azhar: @am_nawazish The duty structure on phones is the same as before. We simply clamped down on smuggling. And a flat rate can\xe2\x80\xa6'
natural,b'RT @kaaauthor: What a tragic story from Bangladesh. Wishing the best for both groups of refugees. https://t.co/kWKJjoP0f3'
sports,b'Bangladesh beats West Indies by five wickets in first\xc2\xa0ODI https://t.co/h2kI6aQluz'
natural,"b'#Rohingas Given that the international community is unlikely to muster any pressure on Myanmar, the least internati\xe2\x80\xa6 https://t.co/7EidH7CNXD'"
crime,b'RT @Hammad_Azhar: @am_nawazish The duty structure on phones is the same as before. We simply clamped down on smuggling. And a flat rate can\xe2\x80\xa6'
sports,b'RT @ESPNcricinfo: Bangladesh ease to a 1-0 series lead \n\nhttps://t.co/3x34NDjJE3 #BANvWI https://t.co/nQydXRZ8qX'
crime,"b'RT @KentPage: In #Bangladesh in 2017, adolescent girls were supported to remain in school in areas with high prevalence of #childmarriage,\xe2\x80\xa6'"
sports,b'#Mushfiqur steers #Bangladesh to easy win against #WI  https://t.co/r2jtZ4Kdnn https://t.co/Qbrb9rxQgK'
crime,b'RT @Hammad_Azhar: @am_nawazish The duty structure on phones is the same as before. We simply clamped down on smuggling. And a flat rate can\xe2\x80\xa6'
natural,"b'RT @LDWildlifeCons: Did you know tigers can be found in the snowy Russian Far East #amur, high up in the mountains of #Bhutan , across the\xe2\x80\xa6'"
politics,b'Bangladesh Prime Minister\xe2\x80\x99s visit to Saudi Arabia: Quest for enhanced friendship https://t.co/eyg10kECSr'
natural,"b'RT @anewscomtr: While thousands of such dreadful stories from most Rohingya Muslims are unfolding in the media across the world, along with\xe2\x80\xa6'"
crime,b'RT @Hammad_Azhar: @am_nawazish The duty structure on phones is the same as before. We simply clamped down on smuggling. And a flat rate can\xe2\x80\xa6'
natural,"b'RT @B52Malmet: Also this other huge humanitarian crisis. \xe2\x80\x9cThe refugee camp where Eshak now lives is home to 902,984 Rohingya Muslims. It\xe2\x80\x99s\xe2\x80\xa6'"
politics,b'RT @HillelNeuer: New members to be elected on Oct. 12 to UN Human Rights Council include:\n\xe2\x80\xa2 Eritrea\n\xe2\x80\xa2 Bahrain\n\xe2\x80\xa2 Somalia\n\xe2\x80\xa2 Cameroon\n\xe2\x80\xa2 Philip\xe2\x80\xa6'
natural,b'\xe2\x80\x9cI try to take their pain away through play\xe2\x80\x9d: A healing experiment in Rohingya refugee camps https://t.co/9JXL9IZUdm via @qz'
crime,b'@am_nawazish The duty structure on phones is the same as before. We simply clamped down on smuggling. And a flat ra\xe2\x80\xa6 https://t.co/tJA1k55Ii5'
natural,"b'RT @B52Malmet: Also this other huge humanitarian crisis. \xe2\x80\x9cThe refugee camp where Eshak now lives is home to 902,984 Rohingya Muslims. It\xe2\x80\x99s\xe2\x80\xa6'"
sports,b'Congratulations Bangladesh cricket team https://t.co/KgxjERJUa4'
natural,b'RT @tunkhin80: A group of prominent #Rohingya living in #Europe is raising funds to develop their community.Your support is vital for their\xe2\x80\xa6'
politics,"b'RT @banglanews_eng: BNP, its alliances put 298 candidates BNP\xe2\x80\x99s two alliances \xe2\x80\x93 20-party and Jatiya Oikyafront submitt their final nominati\xe2\x80\xa6'"
natural,b'Anyone interested in doing a podcast on Rohingya and the upcoming Bangladesh elections in which Mother of Humanity\xe2\x80\xa6 https://t.co/StBbHCElEK'
politics,"b'RT @CP_Gang: Chinese Ambassador to Bangladesh Zhang Zuo hoped that the next national election in Bangladesh scheduled for Dec, 30 will go v\xe2\x80\xa6'"
crime,"b'RT @AnnaMokum: 14-year old rape victim lashed to death in Bangladesh under Islamic sharia law on charges of ""Adultery"" (her rapist was marr\xe2\x80\xa6'"
natural,b'@sgilbertdavies @JulianBurnside Considering Bangladesh received more than half a million refugees over a couple of\xe2\x80\xa6 https://t.co/aVFWg4gIDK'
politics,b'Bangladesh Election: aggrieved bnp men continue demo near gulshan office \xe2\x80\x93 \xe0\xa6\xae\xe0\xa6\xa8\xe0\xa7\x8b\xe0\xa6\xa8\xe0\xa6\xaf\xe0\xa6\xbc\xe0\xa6\xa8 \xe0\xa6\xa8\xe0\xa6\xbe \xe0\xa6\xaa\xe0\xa7\x87\xe0\xa6\xaf\xe0\xa6\xbc\xe0\xa7\x87 \xe0\xa6\x96\xe0\xa6\xbe\xe0\xa6\xb2\xe0\xa7\x87\xe0\xa6\xa6\xe0\xa6\xbe\xe0\xa6\xb0 \xe0\xa6\x95\xe0\xa6\xbe\xe0\xa6\xb0\xe0\xa7\x8d\xe0\xa6\xaf\xe0\xa6\xbe\xe0\xa6\xb2\xe0\xa6\xaf\xe0\xa6\xbc\xc2\xa0\xe0\xa6\xad\xe0\xa6\xbe\xe0\xa6\x99\xe0\xa6\x9a\xe0\xa7\x81\xe2\x80\xa6 https://t.co/eGadTUPn9E'
natural,b'Bandarban Beautiful Travel Attention Of Bangladesh | \xe0\xa6\xac\xe0\xa6\xbe\xe0\xa6\xa8\xe0\xa7\x8d\xe0\xa6\xa6\xe0\xa6\xb0\xe0\xa6\xac\xe0\xa6\xbe\xe0\xa6\xa8\xe0\xa7\x87\xe0\xa6\xb0 \xe0\xa6\xa6\xe0\xa6\xb0\xe0\xa7\x8d\xe0\xa6\xb6\xe0\xa6\xa8\xe0\xa7\x80\xe0\xa6\xaf... https://t.co/gRPdKlkWtg via @YouTube'
politics,"b'#,Bangladesh #Politics https://t.co/tKEMrBjByl'"
natural,"b'Last winter, Oussama visited Bangladesh and was on the ground with the Rohingya refugees helping them seek safety a\xe2\x80\xa6 https://t.co/JNGZXxXz5G'"
crime,"b'14-year old rape victim lashed to death in Bangladesh under Islamic sharia law on charges of ""Adultery"" (her rapist\xe2\x80\xa6 https://t.co/8oi7VQbNgm'"
natural,b'RT @DDisplacement: Climate change is not only an environmental issue but also a security issue for Bangladesh - Foreign Secretary Shahidul\xe2\x80\xa6'
crime,"b'@AbidSherAli Aur support karo,give arms ,training to Jihadist,Terrorist,Mullahs,Maulana Hafiz Sayeed type anti huma\xe2\x80\xa6 https://t.co/QBN27rf01G'"
natural,"b'RT @zebatweets: China wants to ""work together"" with Bangladesh to ""improve the level of global governance."" https://t.co/p3sK047FZQ'"
politics,"b'RT @tasneem: ""As #Bangladesh prepares to hold the 11th parliamentary elections shortly, now is the time that political parties should commi\xe2\x80\xa6'"
natural,b'RT @nandaji1958: TamilNadu became den of illegal muslim immigrants fr Bangladesh &amp;Myanmar.Police not maintained forgieners records&amp; not ver\xe2\x80\xa6'
politics,"b'RT @sajeebwazed: #Bangladesh PM #SheikhHasina calls for fair, free elections\xc2\xa0https://t.co/smSFXXODOG'"
natural,b'* #BayOfBengal:  #94B / #Phethai\n- #India #Bangladesh #Myanmar #Burma #SriLanka #AndamanIslands #NicobarIslands\xe2\x80\xa6 https://t.co/vchFSO8jPb'
crime,b'@sidmtweets Are these the missing:\n1) 40 lks illegal Bangladesh terrorists + 4 lks illegal Rohinjiya terrorists\xe2\x80\xa6 https://t.co/Rl0BtypaWD'
natural,b'RT @tunkhin80: A group of prominent #Rohingya living in #Europe is raising funds to develop their community.Your support is vital for their\xe2\x80\xa6'
sports,b'BANGLADESH TEST CRICKET MATCH LIVE SCORE (DAY 2) | SPORTS NEWS TODAY||\xe0\xa6\xb8\xe0\xa6\xb0\xe0\xa6\xbe\xe0\xa6\xb8\xe0\xa6\xb0\xe0\xa6\xbf\xc2\xa0\xe0\xa6\xa6\xe0\xa7\x87\xe0\xa6\x96\xe0\xa7\x81\xe0\xa6\xa8|| https://t.co/a9GwUIuhBk'
natural,b'* #BayOfBengal:  #94B / #Phethai\n- #India #Bangladesh #Myanmar #Burma #SriLanka #AndamanIslands #NicobarIslands\xe2\x80\xa6 https://t.co/7aKNbusl2E'
sports,"b'RT @ram574: Today on my daily cricket show, Cricket Happenings on you tube live with 479 subscribers, Australia bowled India out for 307 &amp;\xe2\x80\xa6'"
natural,"b'RT @B52Malmet: Also this other huge humanitarian crisis. \xe2\x80\x9cThe refugee camp where Eshak now lives is home to 902,984 Rohingya Muslims. It\xe2\x80\x99s\xe2\x80\xa6'"
sports,b'I liked a @YouTube video https://t.co/ULJeA5L1Sn Bangladesh vs Windies Highlights || 1st ODI || Windies tour of Bangladesh 2018'
natural,"b'Malaysia - slave labour &amp; exploitation \n\n""The complaints include that migrant workers from Nepal and Bangladesh are\xe2\x80\xa6 https://t.co/2KWuGXdldJ'"
sports,b'#StLucia Times: Bangladesh Scores Easy Win Over West Indies https://t.co/LatOqNGbeB'
natural,b'Meanwhile the Rohingya refugees in Bangladesh may be shipped off to an empty island because they have no where to go https://t.co/LLEeTVn8gc'
politics,b'Bangladesh Corruption Report https://t.co/VAkgMGAIOj'
natural,"b'RT @B52Malmet: Also this other huge humanitarian crisis. \xe2\x80\x9cThe refugee camp where Eshak now lives is home to 902,984 Rohingya Muslims. It\xe2\x80\x99s\xe2\x80\xa6'"
sports,b'RT @SuperSportTV: Mushfiqur Rahim top scored with an unbeaten 55 as Bangladesh defeated West Indies by five wickets in the first one-day in\xe2\x80\xa6'
politics,b'@honeysuckletae Wait is this about the Bangladesh protests??'
sports,b'@IsbUnited My  favorite-ever Test All-Rounder from each country\n\n\xf0\x9f\x87\xb5\xf0\x9f\x87\xb0 Pakistan Imran khan \n\xf0\x9f\x87\xa6\xf0\x9f\x87\xba Australia  watson\n\xf0\x9f\x87\xb3\xf0\x9f\x87\xbf Ne\xe2\x80\xa6 https://t.co/vv58SdHxOm'
politics,"b'RT @sajeebwazed: #Bangladesh PM #SheikhHasina calls for fair, free elections\xc2\xa0https://t.co/smSFXXODOG'"
sports,b'Bangladesh Scores Easy Win Over West Indies https://t.co/IHahq4eVN9 https://t.co/M7zsnyDn2Q'
politics,b'RT @albd1971: Twice as many women and three times as many minority candidates from Awami League than BNP https://t.co/lOS9K3ENxC #Banglades\xe2\x80\xa6'
natural,b'RT @vipulananda: #Bangladesh-#Myanmar:  The Danger of Forced #Rohingya Repatriation https://t.co/2Xf0W1js1g via @crisisgroup'
politics,"b""RT @albd1971: #Bangladesh Awami League's election manifesto to prioritise information and communications technology for building #DigitalBa\xe2\x80\xa6"""
politics,b'#AwamiLeague asks EC to allocate \xe2\x80\x98boat\xe2\x80\x99 to 14 https://t.co/cNn1Mp4dEI'
crime,"b""- bangladesh does not expresses but crime against hindu's, torching of hindu's temples since 1947, even after 1971\xe2\x80\xa6 https://t.co/1nN61v7RSU"""
natural,b"RT @IstiaqHassan: I'm from Bangladesh.....\ni think  #Sreesanth is the most pure hearted person in #BiggBoss12\nhe is Like A CUTE CHILD From\xe2\x80\xa6"
crime,"b'@CNBC @CNBCMakeIt Today ""Biswajit Das Killing day"" On that day In Bangladesh. Biswajit\xc2\xa0was a 24-year-old hindu tail\xe2\x80\xa6 https://t.co/Ov5yjQjViR'"
natural,b'Please #donate \xe2\x9c\x94\xef\xb8\x8f\n\nPlease #share \xf0\x9f\x98\x83\n\nPlease #retweet \xf0\x9f\x91\x8d\n\n#thankyou \xf0\x9f\x99\x8f\n\n#MoAli59397232\n\nPlease #Support Rohingya Bangla\xe2\x80\xa6 https://t.co/wMw5dqGA3y'
sports,b'RT @CP_Gang: An all-round performance from Mosaddek Hossain saw #Bangladesh U-23 team moved semi-final of the Emerging Teams Cup after beat\xe2\x80\xa6'
politics,"b'RT @CP_Gang: 2,79,272 students get stipend from PM\xe2\x80\x99s education trust\n\n#Bangladesh \n#AwamiLeague \n#SheikhHasina \n#EnrichingBangladesh\n#educa\xe2\x80\xa6'"
natural,"b'RT @nslwin: A group of prominent #Rohingya living in #Europe is raising funds to develop their community. \n\n""Your support will be their hop\xe2\x80\xa6'"
politics,"b'RT @CP_Gang: ADP implementation reaches record Tk 36,438 cr in July-Nov: Planning Minister AHM Mustafa Kamal.\n\n@ADB_Bangladesh \n@ADB_HQ \n\n#\xe2\x80\xa6'"
sports,"b""Tamim's return gives Bangladesh happy headache https://t.co/lu0Mhud63V"""
politics,b'RT @CP_Gang: HPM #SheikhHasina today called upon parents specially mothers to give attention to groom up their children as worthy citizens\xe2\x80\xa6'
natural,b'The healing experiment for Rohingya children in Bangladesh \xe2\x80\x94 Quartz https://t.co/cM4OKbYWBS'
politics,"b'RT @CP_Gang: 2,79,272 students get stipend from PM\xe2\x80\x99s education trust\n\n#Bangladesh \n#AwamiLeague \n#SheikhHasina \n#EnrichingBangladesh\n#educa\xe2\x80\xa6'"
natural,b'RT @NTomorrows: TOGETHER FOR #ROHINGYA THE HORROR OF #MYANMAR\nWE DEMAND IMMEDIATE ACTION OF THE INTERNATIONAL CRIMINAL COURT #ICC\nTO PROSEC\xe2\x80\xa6'
politics,"b'RT @CP_Gang: ADP implementation reaches record Tk 36,438 cr in July-Nov: Planning Minister AHM Mustafa Kamal.\n\n@ADB_Bangladesh \n@ADB_HQ \n\n#\xe2\x80\xa6'"
natural,b'\xe2\x80\x9cI try to take their pain away through play\xe2\x80\x9d: A healing experiment in Rohingya refugee camps https://t.co/I7xDyxxs5a via @Flipboard'
politics,b'RT @CP_Gang: HPM #SheikhHasina today called upon parents specially mothers to give attention to groom up their children as worthy citizens\xe2\x80\xa6'
sports,b'RT @RadioPakistan: Bangladesh beat Pakistan by 84 runs in its last group match of Emerging Asia Cup https://t.co/oLr2X4bQ8H https://t.co/ES\xe2\x80\xa6'
politics,"b'RT @dailystarnews: Even amidst the deafening noise and buzz around the upcoming elections, @mashrafebd still the same Mashrafe https://t.co\xe2\x80\xa6'"
sports,b'RT @cricbuzz: Brilliant Rahim powers Bangladesh to a comfortable five-wicket victory. \n#BANvWI \nhttps://t.co/dZfRtg623p'
natural,"b'RT @cristhevenot: Visiting #Jamtoli #refugee camp in #Bangladesh, where @Solidarites_Int #WASH teams provide 90 000 liters of clean #water\xe2\x80\xa6'"
sports,b'Emerging Asia Cup: Bangladesh set Pakistan 310-run target to\xc2\xa0win https://t.co/UJcIlnI1Ay https://t.co/OAJVZ0jgyi'
natural,"b'RT @B52Malmet: Also this other huge humanitarian crisis. \xe2\x80\x9cThe refugee camp where Eshak now lives is home to 902,984 Rohingya Muslims. It\xe2\x80\x99s\xe2\x80\xa6'"
sports,b'RT @ESPNcricinfo: A Man-of-the-Match performance from Bangladesh captain Mashrafe Mortaza in his 200th ODI \xf0\x9f\x91\x8f \n\nhttps://t.co/3x34NDjJE3 #BAN\xe2\x80\xa6'
natural,b'RT @BabaUmarr: Shrill demands by Hindu zealots that Delhi\xe2\x80\x99s iconic Jamia Mosque should be demolished\n\nBut His Holiness Dalai Lama says Syri\xe2\x80\xa6'
sports,b'RT @ESPNcricinfo: Bangladesh ease to a 1-0 series lead \n\nhttps://t.co/3x34NDjJE3 #BANvWI https://t.co/nQydXRZ8qX'
politics,b'Someone needs to tell our President that Bangladesh broke up with us after 14 years of Marshal Law. If there was an\xe2\x80\xa6 https://t.co/Z6pyaQfYP1'
sports,b'RT @ESPNcricinfo: How good was that catch from Tamim Iqbal? \n\nhttps://t.co/NUtXY3FRoE #BANvWI https://t.co/fGOBxFBMRR'
natural,"b'RT @B52Malmet: Also this other huge humanitarian crisis. \xe2\x80\x9cThe refugee camp where Eshak now lives is home to 902,984 Rohingya Muslims. It\xe2\x80\x99s\xe2\x80\xa6'"
sports,b'RT @RadioPakistan: Bangladesh beat Pakistan by 84 runs in its last group match of Emerging Asia Cup https://t.co/oLr2X4bQ8H https://t.co/ES\xe2\x80\xa6'
natural,"b'RT @B52Malmet: Also this other huge humanitarian crisis. \xe2\x80\x9cThe refugee camp where Eshak now lives is home to 902,984 Rohingya Muslims. It\xe2\x80\x99s\xe2\x80\xa6'"
sports,"b""Tamim Iqbal's return gives Bangladesh happy headache https://t.co/INwIIM32iI https://t.co/NwUAucwGYN"""
natural,"b'RT @B52Malmet: Also this other huge humanitarian crisis. \xe2\x80\x9cThe refugee camp where Eshak now lives is home to 902,984 Rohingya Muslims. It\xe2\x80\x99s\xe2\x80\xa6'"
sports,"b'After another disappointing performance from West Indies in the first ODI with Bangladesh, Roston Chase knows there\xe2\x80\xa6 https://t.co/rjmKyXWsXc'"
natural,"b'RT @B52Malmet: Also this other huge humanitarian crisis. \xe2\x80\x9cThe refugee camp where Eshak now lives is home to 902,984 Rohingya Muslims. It\xe2\x80\x99s\xe2\x80\xa6'"
politics,"b'RT @tasneem: ""As #Bangladesh prepares to hold the 11th parliamentary elections shortly, now is the time that political parties should commi\xe2\x80\xa6'"
natural,b'I liked a @YouTube video https://t.co/NWk9LocJbY Malta Cultivation in Bangladesh'
politics,b'RT @AFPSouthAsia: The arrests are yet another blow for a beleaguered opposition whose leader Khaleda Zia has been jailed for corruption and\xe2\x80\xa6'
natural,b'RT @maidros78: Beautiful! BSF tormenting 11 Hindu refugees from Bangladesh in Meghalaya [under the great Hindu sarkar]. https://t.co/Mxb5Ji\xe2\x80\xa6'
sports,b'RT @TheArmaanian22: #BANvWI \n\nBangladesh won the match against West Indies.\n\nMasrafi (The master mind)  --3 wickets\nMustafiz -- 3 wickets\xe2\x80\xa6'
natural,"b'RT @deirdrekent: ""Much of Bangladesh will be flooded by the end of the century, if not before. Millions of Bangladeshis will become homeles\xe2\x80\xa6'"
sports,"b""RT @coachesacross: Thanks to @bff_football for letting us conduct a football for social impact session during their 'C' License.  We're als\xe2\x80\xa6"""
natural,b'RT @Refugees: \xe2\x80\x9cThey were from our communities and had no opportunity to go to school. I felt a strong responsibility to teach them.\xe2\x80\x9d\n\nAline\xe2\x80\xa6'
sports,"b""People Don't Care About Bangladesh Vs West Indies Series So Here Is A Cat From That Match https://t.co/IEXvwhNmH1"""
natural,b'RT @taslimanasreen: Hypocrite Bangladesh celebrating  birth anniversary extravaganza of an early 20th century  feminist writer who is now d\xe2\x80\xa6'
sports,"b'One thing I noticed about the Bangladesh Lineup against the West Indies in the first ODI, was that it was a full Ba\xe2\x80\xa6 https://t.co/q8inbqF9ei'"
politics,b'Bangladesh elections explained https://t.co/TpL2GA4eoO'
natural,b'The healing experiment for Rohingya children in Bangladesh \xe2\x80\x94 Quartz https://t.co/uXyoiyWhoF'
sports,b'RT @cricketpakcompk: Bangladesh overpower Windies in first ODI \n#BANvsWI \n\nRead more: https://t.co/jICwpcpmIV https://t.co/sGjmTm3IFu'
natural,"b""@taslimanasreen Why don't you try to preach your thoughts in Bangladesh?"""
sports,b'RT @cricketpakcompk: Bangladesh down Pakistan in Emerging Teams Asia Cup\n#ETAC2018 \n\nRead more: https://t.co/AQUxKIXvsu https://t.co/LEa0XW\xe2\x80\xa6'
natural,"b'@Ram_Guha People have the rights as you say, but do my Hindu and Sikh brothers have their rights in Pakistan, Bangladesh and Afghanistan?'"
sports,b'Bangladesh tick most boxes in dominating first ODI victory https://t.co/TCqQ8DV5r5'
natural,b'RT @Refugees: \xe2\x80\x9cThey were from our communities and had no opportunity to go to school. I felt a strong responsibility to teach them.\xe2\x80\x9d\n\nAline\xe2\x80\xa6'
politics,b'@ifcmatt Bangladesh national league'
natural,"b'RT @Rasiq07: Twitter family! I need your help. \n\nShare the link below as I will try my best inshallah, to raise money for Rohingya, Banglad\xe2\x80\xa6'"
politics,b'It is amazing that Bangladesh have only two leaders and both of them are women and they come in power one after ano\xe2\x80\xa6 https://t.co/1IbBwBbJkc'
crime,"b'#Disappearance, #extrajudicial killing continue in #Bangladesh  https://t.co/koPh2d8nZ2 @usembassydhaka\xe2\x80\xa6 https://t.co/wGvQk6543o'"
sports,"b'RT @SYahyaHussaini: Selection process in @TheRealPCB is now really alarming . Just a day after defeat against @BLACKCAPS ,Pakistan team los\xe2\x80\xa6'"
natural,"b'RT @nslwin: A group of prominent #Rohingya living in #Europe is raising funds to develop their community. \n\n""Your support will be their hop\xe2\x80\xa6'"
crime,"b'RT @UNFPABangladesh: To many parents, child marriage is a solution to many socio-economic issues like dowry, sexual harassment &amp; poverty. S\xe2\x80\xa6'"
politics,b'Bangladesh elections are coming up soon. It\xe2\x80\x99s crucial. https://t.co/Q1nDQHgoNT'
sports,b'RT @DunyaNews: Mushfiqur steers Bangladesh to easy win against Windies https://t.co/dSJtWRZ4c9 https://t.co/iYu5xEMvG6'
natural,b'One woman\xe2\x80\x99s story reveals the human cost of climate change in Bangladesh\n https://t.co/5vVY5PlDD4 #ClimateChange vi\xe2\x80\xa6 https://t.co/6J1uNVfYks'
politics,b'Bangladesh party says hundreds of supporters held before polls\n\nhttps://t.co/grSEhmV0B2\n\nShared from Discover'
natural,b'RT @Refugees: \xe2\x80\x9cThey were from our communities and had no opportunity to go to school. I felt a strong responsibility to teach them.\xe2\x80\x9d\n\nAline\xe2\x80\xa6'
sports,b'RT @DunyaNews: Mushfiqur steers Bangladesh to easy win against Windies https://t.co/dSJtWRZ4c9 https://t.co/iYu5xEMvG6'
natural,b'RT @DDisplacement: Climate change is not only an environmental issue but also a security issue for Bangladesh - Foreign Secretary Shahidul\xe2\x80\xa6'
sports,b'Summary of the Bangladesh vs West Indies  2018 cricket match. https://t.co/gmaNO1qCy6\nvia ESPNCricinfo app https://t.co/bhL9TMRbnv'
natural,b'Bangladesh Railway\nhttps://t.co/mgLPHGOfQ3 https://t.co/HrksD1LJnf'
sports,"b""RT @ICC: Bangladesh cruise to a 1-0 ODI series lead!\n\nOnly 35.1 overs are needed to overhaul West Indies' 195/9, Mushfiqur Rahim (55*) and\xe2\x80\xa6"""
politics,"b'RT @CP_Gang: 2,79,272 students get stipend from PM\xe2\x80\x99s education trust\n\n#Bangladesh \n#AwamiLeague \n#SheikhHasina \n#EnrichingBangladesh\n#educa\xe2\x80\xa6'"
sports,b'RT @CP_Gang: An all-round performance from Mosaddek Hossain saw #Bangladesh U-23 team moved semi-final of the Emerging Teams Cup after beat\xe2\x80\xa6'
politics,"b'RT @CP_Gang: ADP implementation reaches record Tk 36,438 cr in July-Nov: Planning Minister AHM Mustafa Kamal.\n\n@ADB_Bangladesh \n@ADB_HQ \n\n#\xe2\x80\xa6'"
natural,b'RT @Refugees: \xe2\x80\x9cThey were from our communities and had no opportunity to go to school. I felt a strong responsibility to teach them.\xe2\x80\x9d\n\nAline\xe2\x80\xa6'
politics,b'RT @CP_Gang: HPM #SheikhHasina today called upon parents specially mothers to give attention to groom up their children as worthy citizens\xe2\x80\xa6'
sports,"b'Bangladesh vs West Indies, 1st ODI in Dhaka, Highlights: As It Happened \xe2\x80\x93\xc2\xa0News18 https://t.co/tUYHxzxVsY'"
politics,"b'The Jamaat Shibir does not have the right to vote in any election. Jamaat, who did not want independenance of Bangl\xe2\x80\xa6 https://t.co/GoonkEirwu'"
natural,b'RT @Refugees: \xe2\x80\x9cThey were from our communities and had no opportunity to go to school. I felt a strong responsibility to teach them.\xe2\x80\x9d\n\nAline\xe2\x80\xa6'
sports,"b'RT @ICCLive: Welcome to the Sher-e-Bangla National Cricket Stadium, Mirpur, for the 1st ODI between Bangladesh and Windies https://t.co/Drz\xe2\x80\xa6'"
natural,"b'Photo 1.\nPhoto of Rohingya refugee kid, taken by my sister near Bangladesh-Myanmar boarder. This child is forced to\xe2\x80\xa6 https://t.co/Cjv9VFHnK1'"
sports,b'New post: Bangladesh tick most boxes in dominating first ODI victory https://t.co/IOQ9z5EZku'
natural,"b""RT @Infoseepage: @jack The people are so full of joy! I suppose you didn't visit any of the hundreds of villages burnt by government forces\xe2\x80\xa6"""
sports,"b""RT @ICCLive: 1st ODI. It's all over! Bangladesh win by 5 wickets https://t.co/DrzCRyf0YF #BANvWI"""
natural,b'Primitive Technology: Low Quality Woodturning for Bed in Bangladesh || Amazing Wood Cutting: https://t.co/ljTDeIiTLe via @YouTube'
sports,b'RT @ICC: Tamim Iqbal takes a stunning catch to help Bangladesh get rid of Darren Bravo for 19.\n\nWindies are 66/2 after 21 overs. \n\n#BANvWI\xe2\x80\xa6'
natural,b'Does it change the meaning of Christmas because I\xe2\x80\x99m in a different context https://t.co/IKWEWlEX1b'
sports,"b""RT @ICC: Bangladesh have made a solid start to their pursuit of 196 to win the first ODI - they're 68/2 at drinks after 15 overs, with Lito\xe2\x80\xa6"""
politics,b'RT @sajeebwazed: US government pledges continued support as #Bangladesh provides #humanitarian aid to #Rohingyas https://t.co/mWquMQAB8d'
sports,b'RT @cricbuzz: Brilliant Rahim powers Bangladesh to a comfortable five-wicket victory. \n#BANvWI \nhttps://t.co/dZfRtg623p'
politics,b'RT @sajeebwazed: US general lauds #Bangladesh\xe2\x80\x99s support to security cooperation\nhttps://t.co/A3ixgKMJHA'
sports,b'Mushfiqur steers Bangladesh to easy win against Windies https://t.co/dSJtWRZ4c9 https://t.co/iYu5xEMvG6'
politics,"b""RT @sajeebwazed: PM #SheikhHasina inspects new aircraft as #Bangladesh's #economy continues to grow https://t.co/BseHOzeArs"""
crime,"b'RT @UNFPABangladesh: To many parents, child marriage is a solution to many socio-economic issues like dowry, sexual harassment &amp; poverty. S\xe2\x80\xa6'"
politics,"b'RT @sajeebwazed: #Bangladesh PM #SheikhHasina calls for fair, free elections\xc2\xa0https://t.co/smSFXXODOG'"
sports,b'RT @Cricketracker: Bangladesh need 171 runs. #BANvWI https://t.co/rAh8DxvOlT'
politics,"b""RT @janusmyth: BJP President's comments about Bangladesh picked up by one of the biggest TV channels of Dhaka. Domestic pressure mounting o\xe2\x80\xa6"""
sports,"b'RT @ESPNcricinfo: Tamim, Imrul Kayes, Soumya Sarkar, and Liton Das in the squad. Which two will open the batting for Bangladesh?\n\n#BANvWI h\xe2\x80\xa6'"
politics,"b""Technocrat ministers' resignation finally accepted https://t.co/qhMMh9Jvoo"""
sports,b'RT @dailystarnews: A cool effort from @mushfiqur15 helps @BCBtigers win the first ODI in convincing manner #BANvWI https://t.co/43MbuwFGqo'
crime,"b""Bangladeshi workers among Top Glove's illegal overtime victims https://t.co/TmOXu7tV09"""
sports,"b'RT @ICC: Mortaza, Rahman, Das and Rahim starred Bangladesh eased to a five-wicket win against West Indies in their ODI series opener in Dha\xe2\x80\xa6'"
natural,b'Dhaka Commerce College and Narayanganj College advanced to the final of the Walton 3rd Inter-College Women\xe2\x80\x99s Rugby\xe2\x80\xa6 https://t.co/nlE6CwXlOx'
sports,b'RT @Cricketracker: Bangladesh won by 5 wickets. #BANvWI https://t.co/tUsVFKRaV1'
natural,b'RT @Refugees: \xe2\x80\x9cThey were from our communities and had no opportunity to go to school. I felt a strong responsibility to teach them.\xe2\x80\x9d\n\nAline\xe2\x80\xa6'
sports,b'RT @Cricketracker: The target for Bangladesh is 196. #BANvWI https://t.co/m0bZco2oSt'
politics,b'#AwamiLeague asks EC to allocate \xe2\x80\x98boat\xe2\x80\x99 to 14 https://t.co/cNn1Mp4dEI'
sports,b'RT @ICC: Windies have won the toss and have elected to bat in the first ODI against Bangladesh in Dhaka. \n\n#BANvWI LIVE \xe2\xac\x87\xef\xb8\x8f\nhttps://t.co/QK9\xe2\x80\xa6'
natural,"b'RT @karunanundy: Rwanda, Afghanistan, Pakistan, Nepal, Bangladesh...all ahead of us. https://t.co/OIftP6DIws'"
sports,"b'RT @cricbuzz: After two early wickets, Bangladesh are looking in control in their pursuit of 196. Liton(31*) and Rahim(8*) are at the creas\xe2\x80\xa6'"
politics,b'#BNP asks for \xe2\x80\x98paddy\xe2\x80\x99 symbol for 27 alliance candidates https://t.co/nKNhIPdF61'
sports,b'RT @cricbuzz: Windies sink further as Samuels holes out at long-on. 127/6\n\n#BANvWI\n\nhttps://t.co/dZfRtg623p'
natural,"b'RT @karunanundy: Rwanda, Afghanistan, Pakistan, Nepal, Bangladesh...all ahead of us. https://t.co/OIftP6DIws'"
sports,"b""RT @deeputalks: TIL Shimron Hetmyer's 15 sixes in the two-Test series in Bangladesh is the most ever by a batsman in a Test series.\nHe went\xe2\x80\xa6"""
politics,b'RT @trtworld: Bangladesh opposition party says the government has arrested hundreds of its supporters since election dates were announced h\xe2\x80\xa6'
sports,b'RT @Mustafiz90: We are all set for first ODI against Windies. Remember team Bangladesh in your prayers. #BANvWI https://t.co/L8418HyKrY'
natural,"b'""Much of Bangladesh will be flooded by the end of the century, if not before. Millions of Bangladeshis will become\xe2\x80\xa6 https://t.co/OMO6thUXAk'"
sports,"b""RT @cricbuzz: Mortaza's recent entry into politics and the hint that he would retire after the 2019 World Cup were received with mixed reac\xe2\x80\xa6"""
natural,"b'RT @karunanundy: Rwanda, Afghanistan, Pakistan, Nepal, Bangladesh...all ahead of us. https://t.co/OIftP6DIws'"
sports,"b'RT @wiplayers: #BANvWI The Windies go down to Bangladesh by 5 wickets in the 1st D/N ODI in Dhaka. Scores: Windies 195/9 (50) S Hope 43, K\xe2\x80\xa6'"
natural,"b'RT @40_head: 35. As I quoted in my last thread, over 5,000 of these women fled back to Burma, now called Myanmar, and to Bangladesh...all s\xe2\x80\xa6'"
sports,"b'RT @ESPNcricinfo: The partnership between Mushfiqur and Shakib sets Bangladesh on course in their chase of 196, 139/3 after 25 overs\n\n#BANv\xe2\x80\xa6'"
politics,"b'Final Seat-Sharing: BNP keeps 238, allies get 60\n https://t.co/1oLC1V62aO via @dailystarnews'"
sports,b'RT @ESPNcricinfo: Tamim Iqbal runs in and pulls off a superb diving catch. Darren Bravo dismissed for 19 off 51 balls\n\n#BANvWI  https://t.c\xe2\x80\xa6'
politics,"b'RT @tasneem: ""As #Bangladesh prepares to hold the 11th parliamentary elections shortly, now is the time that political parties should commi\xe2\x80\xa6'"
sports,b'RT @ESPNcricinfo: How good was that catch from Tamim Iqbal? \n\nhttps://t.co/NUtXY3FRoE #BANvWI https://t.co/fGOBxFBMRR'
natural,b'RT @taslimanasreen: Hypocrite Bangladesh celebrating  birth anniversary extravaganza of an early 20th century  feminist writer who is now d\xe2\x80\xa6'
sports,b'RT @ESPNcricinfo: Bangladesh ease to a 1-0 series lead \n\nhttps://t.co/3x34NDjJE3 #BANvWI https://t.co/nQydXRZ8qX'
politics,"b""RT @janusmyth: BJP President's comments about Bangladesh picked up by one of the biggest TV channels of Dhaka. Domestic pressure mounting o\xe2\x80\xa6"""
sports,b'RT @ICC: Three wickets each from Mashrafe Mortaza and Mustafizur Rahman helps restrict West Indies to just 195/9 in the 1st ODI in Dhaka -\xe2\x80\xa6'
politics,b'We seek help from all home and abroad to help ensuring free and fare credible national election in Bangladesh. Demo\xe2\x80\xa6 https://t.co/8YlgOUpK8O'
sports,b'RT @ESPNcricinfo: A Man-of-the-Match performance from Bangladesh captain Mashrafe Mortaza in his 200th ODI \xf0\x9f\x91\x8f \n\nhttps://t.co/3x34NDjJE3 #BAN\xe2\x80\xa6'
natural,"b'Hi, I am Nahid_Akanda from Bangladesh. I am senior Wordpress Developer working with local and international clients\xe2\x80\xa6 https://t.co/gN3TRZoTLy'"
sports,"b""RT @ICC: Bangladesh cruise to a 1-0 ODI series lead!\n\nOnly 35.1 overs are needed to overhaul West Indies' 195/9, Mushfiqur Rahim (55*) and\xe2\x80\xa6"""
natural,b'Bangladesh Power Development Board and Bangladesh Navy registered victories at the Walton Victory Day Volleyball Co\xe2\x80\xa6 https://t.co/72PAMa58cL'
sports,b'Bangladesh tick most boxes in dominating first ODI victory https://t.co/Qm3DR2itoj'
politics,"b'#Bangladesh Well, in the end, ruling Awami League -merely token secular/progressive now - does have 24 female +17 r\xe2\x80\xa6 https://t.co/iwXmlfspLq'"
sports,b'I liked a @YouTube video https://t.co/6jr43470i0 Bangladesh vs Windies Highlights || 1st ODI || Windies tour of Bangladesh 2018'
natural,b'RT @nandaji1958: TamilNadu became den of illegal muslim immigrants fr Bangladesh &amp;Myanmar.Police not maintained forgieners records&amp; not ver\xe2\x80\xa6'
sports,b'Mashrafe inspires by  example https://t.co/kRYy6ve0mE'
natural,b'RT @Refugees: \xe2\x80\x9cThey were from our communities and had no opportunity to go to school. I felt a strong responsibility to teach them.\xe2\x80\x9d\n\nAline\xe2\x80\xa6'
sports,b'RT @Cricket_World: Bangladesh @BCBtigers\xf0\x9f\x87\xa7\xf0\x9f\x87\xa9 beat Windies @windiescricket\xf0\x9f\x8f\x9d in 1st ODI by 5 wickets in Mirpur . Windies won the toss and decid\xe2\x80\xa6'
natural,b'Rights at stake in Bangladesh on Human Rights Day https://t.co/ooJ9bYGowG'
sports,b'RT @Cricket_World: Bangladesh @BCBtigers\xf0\x9f\x87\xa7\xf0\x9f\x87\xa9 beat Windies @windiescricket\xf0\x9f\x8f\x9d in 1st ODI by 5 wickets in Mirpur . Windies won the toss and decid\xe2\x80\xa6'
natural,"b'I just posted ""Fish Market in Naogaon | Bangladesh | \xe0\xa6\xa8\xe0\xa6\x93\xe0\xa6\x97\xe0\xa6\xbe\xe0\xa6\x81 \xe0\xa6\xae\xe0\xa6\xbe\xe0\xa6\x9b \xe0\xa6\xac\xe0\xa6\xbe\xe0\xa6\x9c\xe0\xa6\xbe\xe0\xa6\xb0"" on Reddit\n\nhttps://t.co/Q0zHN6Srxz\xe0\xa6\xa8\xe0\xa6\x93\xe0\xa6\x97_\xe0\xa6\xae\xe0\xa6\x9b_\xe0\xa6\xac\xe0\xa6\x9c\xe0\xa6\xb0/\xe2\x80\xa6 https://t.co/j8nWCMEwdo'"
sports,"b""I liked a @YouTube video https://t.co/ejvNrekuMO Mashrafe Mortaza's Press Conference | 1st ODI | Windies tour of Bangladesh 2018"""
natural,b'@soniyatv @jack @soniyatv the Burmese Buddhist are on the true path.tell the Rohingayas to go back to Bangladesh which is their actual home'
sports,b'Bangladesh storm into semifinals https://t.co/oE69VNgdJd'
politics,b'The need for campaign finance reform #BangladeshElection2018  https://t.co/t0sc9pRedE'
sports,"b""RT @ICC: Bangladesh cruise to a 1-0 ODI series lead!\n\nOnly 35.1 overs are needed to overhaul West Indies' 195/9, Mushfiqur Rahim (55*) and\xe2\x80\xa6"""
natural,b'RT @taslimanasreen: Hypocrite Bangladesh celebrating  birth anniversary extravaganza of an early 20th century  feminist writer who is now d\xe2\x80\xa6'
sports,b'Mushfiqur Rahim 55* Runs Against Win\xe0\xa5\xa4 Ban vs Win 1st ODI 2018 Bangladesh vs Windies Highlights: https://t.co/XfFmZT2wWJ via @YouTube'
natural,"b'RT @karunanundy: Rwanda, Afghanistan, Pakistan, Nepal, Bangladesh...all ahead of us. https://t.co/OIftP6DIws'"
sports,b'Mushfiqur Rahim Steers Bangladesh To Easy Win Against Windies In 1st ODI https://t.co/srz9HYdKjg'
natural,b'RT @_Hinduism_: Did you know \xf0\x9f\xa4\x94\n\n#Aryavart #Bharatvarsha of today is consists of 17 countries?\n\nKingdoms were:\n1\xc2\xa0India\n2 Pakistan\n3 Afghanis\xe2\x80\xa6'
sports,b'Bangladesh\xe2\x80\x99s star Tamim Iqbal favors strict anti-corruption rules: https://t.co/tJieXUKp43 via @YouTube'
natural,b'RT @Refugees: \xe2\x80\x9cThey were from our communities and had no opportunity to go to school. I felt a strong responsibility to teach them.\xe2\x80\x9d\n\nAline\xe2\x80\xa6'
sports,b'#weldone Bangladesh team\n#victory against wi team'
natural,"b'RT @nslwin: A group of prominent #Rohingya living in #Europe is raising funds to develop their community. \n\n""Your support will be their hop\xe2\x80\xa6'"
sports,b'I liked a @YouTube video https://t.co/0HLtRq0zNQ Bangladesh vs Windies Highlights || 1st ODI || Windies tour of Bangladesh 2018'
natural,"b'This is one of the very promising industry in Bangladesh. No, Bangladesh is not about only RMG sector, it has by fa\xe2\x80\xa6 https://t.co/2LcrHTv043'"
sports,b'RT @SuperSportTV: Mushfiqur Rahim top scored with an unbeaten 55 as Bangladesh defeated West Indies by five wickets in the first one-day in\xe2\x80\xa6'
natural,b'RT @CGTNOfficial: Current and algae from river fuse together to form real-life watercolor painting in #Bangladesh https://t.co/RoLWh8Zszu'
sports,"b""RT @ICC: Bangladesh cruise to a 1-0 ODI series lead!\n\nOnly 35.1 overs are needed to overhaul West Indies' 195/9, Mushfiqur Rahim (55*) and\xe2\x80\xa6"""
natural,b'RT @Refugees: \xe2\x80\x9cThey were from our communities and had no opportunity to go to school. I felt a strong responsibility to teach them.\xe2\x80\x9d\n\nAline\xe2\x80\xa6'
sports,b'Mushfiqur Rahim top scored with an unbeaten 55 as Bangladesh defeated West Indies by five wickets in the first one-\xe2\x80\xa6 https://t.co/cb7t8XAWC7'
natural,b'RT @tunkhin80: A group of prominent #Rohingya living in #Europe is raising funds to develop their community.Your support is vital for their\xe2\x80\xa6'
sports,"b""I've just posted a new blog: Bangladesh vs West Indies 1st ODI Highlights: Bangladesh beat West Indies by five wick\xe2\x80\xa6 https://t.co/BYfTLNcBji"""
natural,"b""Comparison of Pakistani currency with Nepal, india,Afghanistan, and Bangladesh's currency.\n#thankyouasadumer\xe2\x80\xa6 https://t.co/imHacwnx5x"""
sports,b'RT @ESPNcricinfo: How good was that catch from Tamim Iqbal? \n\nhttps://t.co/NUtXY3FRoE #BANvWI https://t.co/fGOBxFBMRR'
politics,"b'RT @tasneem: ""As #Bangladesh prepares to hold the 11th parliamentary elections shortly, now is the time that political parties should commi\xe2\x80\xa6'"
sports,"b""I liked a @YouTube video https://t.co/AixUwU2ZpK Mustafizur's 3 Wickets Against Windies | 1st ODI | Windies tour of Bangladesh 2018"""
politics,b'This is what actually happened during justifying the legality of nomination\n\n#Bangladesh #BDElection18 #BoycottEC\xe2\x80\xa6 https://t.co/grESGbXEhz'
natural,"b'RT @zawhar_dudayev: Yesterday I visited #Chellakhali, a #transboundary #river, originated from West Garo Hills District, Meghalaya, &amp; meets\xe2\x80\xa6'"
sports,b'Bangladesh @BCBtigers\xf0\x9f\x87\xa7\xf0\x9f\x87\xa9 beat Windies @windiescricket\xf0\x9f\x8f\x9d in 1st ODI by 5 wickets in Mirpur . Windies won the toss and\xe2\x80\xa6 https://t.co/FhTU5FayGd'
natural,b'RT @Refugees: \xe2\x80\x9cThey were from our communities and had no opportunity to go to school. I felt a strong responsibility to teach them.\xe2\x80\x9d\n\nAline\xe2\x80\xa6'
sports,b'Abul Hasan has the highest average of all left-handed Bangladesh Test batsmen vs West Indies https://t.co/oo3dh0nPBg'
natural,"b'RT @nslwin: A group of prominent #Rohingya living in #Europe is raising funds to develop their community. \n\n""Your support will be their hop\xe2\x80\xa6'"
sports,b'@dailystarnews @BCBtigers @windiescricket Go Ahead Bangladesh Tiger'
natural,b'RT @Refugees: \xe2\x80\x9cThey were from our communities and had no opportunity to go to school. I felt a strong responsibility to teach them.\xe2\x80\x9d\n\nAline\xe2\x80\xa6'
sports,"b'RT @CtgVikings: After Dominating West-Indies in Test Cricket, Tigers have started their ODI series with a Victory. Congratulation Team Bang\xe2\x80\xa6'"
politics,"b'""As #Bangladesh prepares to hold the 11th parliamentary elections shortly, now is the time that political parties s\xe2\x80\xa6 https://t.co/hoQ7o33M71'"
sports,b'Gtv live cricket - Bangladesh Cricket Live: https://t.co/RYfRrEpVvA via @YouTube'
natural,"b'Some countries need water &amp; some have too much. Like we explained in the episode, #Bangladesh is located on the big\xe2\x80\xa6 https://t.co/5xFK1w8lNq'"
sports,b'@BCBtigers ODI captain Mashrafe bin Mortaza said Soumya Sarkar\xe2\x80\x99s ability to play big shots and his medium-pace bowl\xe2\x80\xa6 https://t.co/0UEwJmY2Ps'
natural,"b'RT @nslwin: A group of prominent #Rohingya living in #Europe is raising funds to develop their community. \n\n""Your support will be their hop\xe2\x80\xa6'"
politics,b'RT @trtworld: Bangladesh opposition party says the government has arrested hundreds of its supporters since election dates were announced h\xe2\x80\xa6'
natural,b'RT @tunkhin80: A group of prominent #Rohingya living in #Europe is raising funds to develop their community.Your support is vital for their\xe2\x80\xa6'
politics,b'RT @trtworld: Bangladesh opposition party says the government has arrested hundreds of its supporters since election dates were announced h\xe2\x80\xa6'
sports,"b""RT @ICC: Bangladesh cruise to a 1-0 ODI series lead!\n\nOnly 35.1 overs are needed to overhaul West Indies' 195/9, Mushfiqur Rahim (55*) and\xe2\x80\xa6"""
politics,b'RT @basherkella: Awami Government shows they believe in women empowerment. Matter of sorrow in the last six years #Bangladesh experienced a\xe2\x80\xa6'
sports,"b""I've just posted a new blog: Bangladesh vs West Indies 1st ODI in Mirpur: As it happened https://t.co/zksqQFeklw"""
sports,b'RT @BrokenCricket: Mustafizur Rahman will miss IPL 2019. \n\nThe Bangladesh Cricket Board haven\xe2\x80\x99t granted him an NOC to participate.'
natural,"b'RT @zawhar_dudayev: Yesterday I visited #Chellakhali, a #transboundary #river, originated from West Garo Hills District, Meghalaya, &amp; meets\xe2\x80\xa6'"
sports,"b""I liked a @YouTube video https://t.co/c47QJ4Rneo Mashrafe Mortaza's Press Conference | 1st ODI | Windies tour of Bangladesh 2018"""
natural,"b'Rwanda, Afghanistan, Pakistan, Nepal, Bangladesh...all ahead of us. https://t.co/OIftP6DIws'"
sports,b'I liked a @YouTube video https://t.co/kok2xn9itv Bangladesh vs Windies Highlights || 1st ODI || Windies tour of Bangladesh 2018'
natural,b'RT @taslimanasreen: Hypocrite Bangladesh celebrating  birth anniversary extravaganza of an early 20th century  feminist writer who is now d\xe2\x80\xa6'
sports,"b'RT @ICC: Mortaza, Rahman, Das and Rahim starred Bangladesh eased to a five-wicket win against West Indies in their ODI series opener in Dha\xe2\x80\xa6'"
natural,b'RT @matrioshka61: Another day about to go away!!! #Bangladesh #Chittagong #seabeach #Bayofbengal #sunset #nature #Naturephotography #nature\xe2\x80\xa6'
sports,b'RT @TanujSi47701251: Kane Williamson \xf0\x9f\x99\x8cTest Hundred\xf0\x9f\x92\xaf IN\n#TestCricket\n\nAustralia \xe2\x9c\x85\nEngland \xe2\x9c\x85\nIndia \xe2\x9c\x85\nNew Zealand \xe2\x9c\x85\nSri Lanka \xe2\x9c\x85\nBangladesh \xe2\x9c\x85\nW\xe2\x80\xa6'
natural,b'RT @Refugees: \xe2\x80\x9cThey were from our communities and had no opportunity to go to school. I felt a strong responsibility to teach them.\xe2\x80\x9d\n\nAline\xe2\x80\xa6'
sports,"b""RT @cricbuzz: Mortaza's recent entry into politics and the hint that he would retire after the 2019 World Cup were received with mixed reac\xe2\x80\xa6"""
natural,b'Jujube or Chinese date | Cultivation of Jujube | Jujube Tree | Indian jujube | \xe0\xa6\xae\xe0\xa6\xbf\xe0\xa6\xb7\xe0\xa7\x8d\xe0\xa6\x9f\xe0\xa6\xbf \xe0\xa6\xac\xe0\xa6\xb0\xe0\xa6\x87 | \xe0\xa6\x9f\xe0\xa6\x95 \xe0\xa6\xac\xe0\xa6\xa1\xe0\xa6\xbc\xe0\xa6\x87 | The tasty foo\xe2\x80\xa6 https://t.co/Iz0xqX5WTV'
sports,"b'1st ODI against Windies and Bangladesh team just rocked. Especially, our very own captain Mashrafe Bin Murtoza cele\xe2\x80\xa6 https://t.co/ggxLF4n7Z3'"
natural,b'Bangladesh Autocars Ltd\xc2\xa0published a Job\xc2\xa0Circular https://t.co/qQaCXdJLRb https://t.co/cpPh5dHSc1'
sports,b'RT @ESPNcricinfo: Bangladesh ease to a 1-0 series lead \n\nhttps://t.co/3x34NDjJE3 #BANvWI https://t.co/nQydXRZ8qX'
natural,"b""I added a video to a @YouTube playlist https://t.co/VK5QVDcZNs Review: BIMAN BANGLADESH 787 BUSINESS CLASS - The World's most UNIQUE"""
sports,b'Bangladesh vs West Indies: Tigers win first ODI with 89 balls to\xc2\xa0spare https://t.co/wUqlB88Thc https://t.co/HnsedzvLQw'
natural,b'It was just beautiful. \nBangladesh in 2010\n\n#countryside#Bangladesh#Asia#travel#backpacker#muslim#peace#development\xe2\x80\xa6 https://t.co/U9O9XLwqBv'
sports,b'RT @ZNEWSNET: MUSHFIQUR STEERS BANGLADESH TO EASY WIN AGAINST WINDIES\n\nDhaka \xe2\x80\x93 Mushfiqur Rahim top scored with an unbeaten 55 as Bangladesh\xe2\x80\xa6'
natural,b'I\xe2\x80\x99ve peered into Myanmar from the Naaf river separating it from Bangladesh ~this past year with smoke rising from b\xe2\x80\xa6 https://t.co/eU2rrh3a88'
sports,"b""https://t.co/kYbR70cGn9 People Don't Care About Bangladesh Vs West Indies Series So Here Is A Cat From That Match #cricket"""
natural,"b'Planing to visit Bangladesh, find out great local business with https://t.co/0MCYAWQunS. #visitbangladesh'"
sports,b'Congrats *Bangladesh Team* \nWinning For Their 1st ODI Match Against Windies.\nAnd Specially Congrats* Mashrafi Martu\xe2\x80\xa6 https://t.co/G0k8xYXGc7'
politics,"b""Tear in loved one who was kidnapped by awami government can't be go in vain.  Next election, awami league will suff\xe2\x80\xa6 https://t.co/uLK9BRjxxI"""
sports,b'Kane Williamson \xf0\x9f\x99\x8cTest Hundred\xf0\x9f\x92\xaf IN\n#TestCricket\n\nAustralia \xe2\x9c\x85\nEngland \xe2\x9c\x85\nIndia \xe2\x9c\x85\nNew Zealand \xe2\x9c\x85\nSri Lanka \xe2\x9c\x85\nBangladesh\xe2\x80\xa6 https://t.co/4uQhZyBG1i'
natural,"b'India, Pakistan, Bangladesh, Nepal, Sri Lanka we all different but the same fuck petty feuds!'"
sports,b'I added a video to a @YouTube playlist https://t.co/FYxHn9A1Wy Bangladesh vs Westindies_After 1st ODI Bangla Funny Dubbing 2018_ODI'
natural,"b""#Secular India*#Brand West Bengal*#No2communalism \nTMC has a deep-rooted relation with Jamaat of Bangladesh.'Visit'\xe2\x80\xa6 https://t.co/xCkFDD1OdA"""
sports,"b'(Bangladesh vs West Indies: Tigers win first ODI with 89 balls to spare)  \n\n The platform was set by Mortaza, who r\xe2\x80\xa6 https://t.co/FcM7XPhtLL'"
natural,b'RT @Refugees: \xe2\x80\x9cThey were from our communities and had no opportunity to go to school. I felt a strong responsibility to teach them.\xe2\x80\x9d\n\nAline\xe2\x80\xa6'
sports,b'RT @ESPNcricinfo: How good was that catch from Tamim Iqbal? \n\nhttps://t.co/NUtXY3FRoE #BANvWI https://t.co/fGOBxFBMRR'
natural,b'RT @Refugees: \xe2\x80\x9cThey were from our communities and had no opportunity to go to school. I felt a strong responsibility to teach them.\xe2\x80\x9d\n\nAline\xe2\x80\xa6'
sports,b'Bangladesh vs West Indies: Tigers win first ODI with 89 balls to spare - https://t.co/71U7ZA7VKF https://t.co/TN1DOxFyTo'
natural,b'RT @BabaUmarr: Shrill demands by Hindu zealots that Delhi\xe2\x80\x99s iconic Jamia Mosque should be demolished\n\nBut His Holiness Dalai Lama says Syri\xe2\x80\xa6'
sports,"b'RT @ICC: Mortaza, Rahman, Das and Rahim starred Bangladesh eased to a five-wicket win against West Indies in their ODI series opener in Dha\xe2\x80\xa6'"
natural,"b'RT @cleanclothes: Workers can feel safer in their factories because of the Bangladesh Accord. Tomorrow, the #Bangladesh Supreme Court will\xe2\x80\xa6'"
sports,b'RT @BrokenCricket: Mustafizur Rahman will miss IPL 2019. \n\nThe Bangladesh Cricket Board haven\xe2\x80\x99t granted him an NOC to participate.'
natural,b'RT @Refugees: \xe2\x80\x9cThey were from our communities and had no opportunity to go to school. I felt a strong responsibility to teach them.\xe2\x80\x9d\n\nAline\xe2\x80\xa6'
sports,b'Pakistan in Tests. \nLast Away series vs:\nSri Lanka = Won (2015)\nBangladesh = Won (2015)\nWest Indies = Won (2017)\nIr\xe2\x80\xa6 https://t.co/qs14PAX6cv'
politics,b'us prisedent election 2020  us bangladesh muslim world arab world future iam mohammed musa badsha iam prisedent iam\xe2\x80\xa6 https://t.co/u62Wz8xVXP'
sports,b'MUSHFIQUR STEERS BANGLADESH TO EASY WIN AGAINST WINDIES\n\nDhaka \xe2\x80\x93 Mushfiqur Rahim top scored with an unbeaten 55 as\xe2\x80\xa6 https://t.co/GjhCdTEMhM'
politics,b'Youth will vote against terror activities of ruling Awami League party student organization Bangladesh Chhatra Leag\xe2\x80\xa6 https://t.co/KXLii64bbQ'
sports,b'#Stickcricket 1st one day international \n\nOne day #Bangladesh. 343.  Won by 128 Runs \n\n#Westindies 215'
politics,b'RT @trtworld: Bangladesh opposition party says the government has arrested hundreds of its supporters since election dates were announced h\xe2\x80\xa6'
sports,"b'\xf0\x9f\x94\xb4 1st ODI (D/N), West Indies tour of Bangladesh at Dhaka, Dec 9 2018 https://t.co/hmWBtL4wSo'"
natural,"b""RT @moas_eu: #SaturdayStats: did you know that over 14,900 new arrivals have been recorded in Cox's Bazar, Bangladesh since January 2018? C\xe2\x80\xa6"""
sports,b'congratulation Bangladesh cricket team.. https://t.co/4khalfqhje'
politics,b'RT @trtworld: Bangladesh opposition party says the government has arrested hundreds of its supporters since election dates were announced h\xe2\x80\xa6'
sports,b'Bangladesh vs West Indies 2nd ODI 2018 Playing 11 | Bangladesh Probable Playing xi | Ban vs WI: https://t.co/GjiaaVCfIU via @YouTube'
natural,b'RT @BabaUmarr: Shrill demands by Hindu zealots that Delhi\xe2\x80\x99s iconic Jamia Mosque should be demolished\n\nBut His Holiness Dalai Lama says Syri\xe2\x80\xa6'
sports,b'I added a video to a @YouTube playlist https://t.co/GjiaaVCfIU Bangladesh vs West Indies 2nd ODI 2018 Playing 11 | Bangladesh Probable'
natural,"b'RT @iamCARITAS: Our President, @CardinalChito Tagle, has a message of hope for you from a #Rohingya #refugee camp in Bangladesh. https://t.\xe2\x80\xa6'"
sports,b'Mash\xe2\x80\x99s tactics to keep Windies under spin pressure - The Daily Star https://t.co/JEeGHXkX2s'
natural,b'RT @Refugees: \xe2\x80\x9cThey were from our communities and had no opportunity to go to school. I felt a strong responsibility to teach them.\xe2\x80\x9d\n\nAline\xe2\x80\xa6'
sports,"b""I liked a @YouTube video https://t.co/gOg7BdjrAq Mashrafe Mortaza's Press Conference | 1st ODI | Windies tour of Bangladesh 2018"""
politics,b'RT @IamAbdullahRamu: The #ElectionCommission today rejected all three appeals of BNP chairperson #KhaledaZia filed against the rejection of\xe2\x80\xa6'
sports,"b""@summeryael @EmiratesCricket @TheRealPCB Perhaps. What Pakistan and other teams don't seem to understand and accept\xe2\x80\xa6 https://t.co/sR7l84sB37"""
politics,"b""@janusmyth @somoytv .\nIn order to get votes in West Bengal's 42LS seats BJP wants to open an eastern front with Ban\xe2\x80\xa6 https://t.co/RBbVN1PoG0"""
sports,"b'Bangladesh vs West Indies, 1st ODI in Dhaka: Bangladesh Win By 5 Wickets \xe2\x80\x93\xc2\xa0News18 https://t.co/PXqJQK6omZ'"
politics,b'Youth will vote against enforced disappearance! #BDElection18 #Vote4Change #Bangladesh https://t.co/J4aHlVTpWQ'
sports,b'@BCBtigers ODI captain Mashrafe bin Mortaza informed that he is not fully fit yet as he is nursing a slight hamstri\xe2\x80\xa6 https://t.co/nSUS1ln6ZB'
natural,b'@Rajani_Weather Bangladesh can be neglected but it would probably north Tamil Nadu and south Andhra Pradesh as per\xe2\x80\xa6 https://t.co/EtiTTGMWRv'
sports,b'RT @ESPNcricinfo: How good was that catch from Tamim Iqbal? \n\nhttps://t.co/NUtXY3FRoE #BANvWI https://t.co/fGOBxFBMRR'
natural,b'RT @Refugees: \xe2\x80\x9cThey were from our communities and had no opportunity to go to school. I felt a strong responsibility to teach them.\xe2\x80\x9d\n\nAline\xe2\x80\xa6'
sports,"b'Bangladesh captain Mashrafe Mortaza did very well with the ball, taking 3 wickets. Shai Hope was the highest scorer\xe2\x80\xa6 https://t.co/PxkdhyIVE6'"
natural,"b""@taslimanasreen Madam, this tweet of URS is concerned with Bangladesh. I don't know anything abt this. I read it an\xe2\x80\xa6 https://t.co/swminEuPO7"""
politics,"b'3rd Preparatory meeting with Presidents 2019-20, D3281, Bangladesh on December 09, 2018. @ Istanbul Restaurant Dhaka https://t.co/H34tQq6XsL'"
sports,"b""RT @cricbuzz: Mortaza's recent entry into politics and the hint that he would retire after the 2019 World Cup were received with mixed reac\xe2\x80\xa6"""
politics,b'RT @trtworld: Bangladesh opposition party says the government has arrested hundreds of its supporters since election dates were announced h\xe2\x80\xa6'
natural,"b'@jack I live in Bangladesh, We have seen the 100,0000 of refugees who have fled Burma. 100,0000 killed by Buddhist\xe2\x80\xa6 https://t.co/RupjDpooyj'"
sports,"b""\xf0\x9f\x91\x8d on @YouTube: Mushfiqur's 55 Run's Against Windies || 1st ODI || Windies tour of Bangladesh 2018 https://t.co/FhjisHHJ2P"""
politics,"b'3rd Preparatory meeting with Presidents 2019-20, D3281, Bangladesh on December 09, 2018. @ Istanbul Restaurant Dhaka https://t.co/M9jEkBW7Dh'"
sports,"b""RT @ICC: Bangladesh cruise to a 1-0 ODI series lead!\n\nOnly 35.1 overs are needed to overhaul West Indies' 195/9, Mushfiqur Rahim (55*) and\xe2\x80\xa6"""
natural,"b'@jack I live in Bangladesh, We have seen the 100,0000 of refugees who have fled Burma. 100,0000 killed by Buddhist\xe2\x80\xa6 https://t.co/eSKp0aEebh'"
sports,b'RT @Mustafiz90: We are all set for first ODI against Windies. Remember team Bangladesh in your prayers. #BANvWI https://t.co/L8418HyKrY'
politics,"b'RT @CP_Gang: 2,79,272 students get stipend from PM\xe2\x80\x99s education trust\n\n#Bangladesh \n#AwamiLeague \n#SheikhHasina \n#EnrichingBangladesh\n#educa\xe2\x80\xa6'"
sports,"b'Bangladesh won the 1st odi v West Indies by 5 wickets on a low and slow pitch, where the Bangladeshi bowlers restri\xe2\x80\xa6 https://t.co/d9xJZ5f1mu'"
natural,b'RT @Refugees: \xe2\x80\x9cThey were from our communities and had no opportunity to go to school. I felt a strong responsibility to teach them.\xe2\x80\x9d\n\nAline\xe2\x80\xa6'
sports,b'I liked a @YouTube video https://t.co/s9ux1q5jdW Prize Giving Ceremony of West Indies tour of Bangladesh 2018 || 1st ODI || 2018'
politics,"b'2,79,272 students get stipend from PM\xe2\x80\x99s education trust\n\n#Bangladesh \n#AwamiLeague \n#SheikhHasina\xe2\x80\xa6 https://t.co/a2bD8YOght'"
sports,"b'RT @SYahyaHussaini: Selection process in @TheRealPCB is now really alarming . Just a day after defeat against @BLACKCAPS ,Pakistan team los\xe2\x80\xa6'"
sports,b'RT @SunRisers: Bat: 8\xe2\x83\xa30\xe2\x83\xa3 runs \xf0\x9f\x92\xaa\nBall: 3\xe2\x83\xa3/2\xe2\x83\xa37\xe2\x83\xa3 &amp; 1\xe2\x83\xa3/6\xe2\x83\xa35\xe2\x83\xa3 \xe2\x9c\xa8\n\n@Sah75official led from the front as Bangladesh defeated Windies by an innings a\xe2\x80\xa6'
natural,b'RT @Refugees: \xe2\x80\x9cThey were from our communities and had no opportunity to go to school. I felt a strong responsibility to teach them.\xe2\x80\x9d\n\nAline\xe2\x80\xa6'
politics,b'Bangladesh opposition party says the government has arrested hundreds of its supporters since election dates were a\xe2\x80\xa6 https://t.co/SkY6OvBBrp'
natural,b'RT @Refugees: \xe2\x80\x9cThey were from our communities and had no opportunity to go to school. I felt a strong responsibility to teach them.\xe2\x80\x9d\n\nAline\xe2\x80\xa6'
sports,b'Mushfiqur steers Bangladesh to easy win against\xc2\xa0Windies https://t.co/cfeD1OjIXM https://t.co/TjcSUXaWDC'
natural,b'RT @Refugees: \xe2\x80\x9cThey were from our communities and had no opportunity to go to school. I felt a strong responsibility to teach them.\xe2\x80\x9d\n\nAline\xe2\x80\xa6'
sports,b'Bangladesh beat West Indies by five wickets in first ODI - Times of India https://t.co/JjlsZmT7Zv #banvwi'
natural,"b'RT @JesuitRefugee: ""I cannot imagine how parents would respond if their children asked them what is their future. If I had a child here, I\xe2\x80\xa6'"
sports,b'RT @toisports: #BANvWI \n\nBangladesh beat West Indies by five wickets in first ODI\n\nREAD\xe2\x9e\xa1\xef\xb8\x8fhttps://t.co/H0wFYIG4Uv https://t.co/PMlDWP25pe'
natural,b'RT @Refugees: \xe2\x80\x9cThey were from our communities and had no opportunity to go to school. I felt a strong responsibility to teach them.\xe2\x80\x9d\n\nAline\xe2\x80\xa6'
sports,b'RT @BrokenCricket: Mustafizur Rahman will miss IPL 2019. \n\nThe Bangladesh Cricket Board haven\xe2\x80\x99t granted him an NOC to participate.'
natural,b'RT @Refugees: \xe2\x80\x9cThey were from our communities and had no opportunity to go to school. I felt a strong responsibility to teach them.\xe2\x80\x9d\n\nAline\xe2\x80\xa6'
sports,"b'Prediction: Bangladesh will beat West Indies in the ODI \xf0\x9f\x8f\x8f starting Tue, 11 Dec 2018 07:00:00 GMT\nConfidence: 57%'"
natural,b'RT @Refugees: \xe2\x80\x9cThey were from our communities and had no opportunity to go to school. I felt a strong responsibility to teach them.\xe2\x80\x9d\n\nAline\xe2\x80\xa6'
sports,"b""RT @ICC: Bangladesh have made a solid start to their pursuit of 196 to win the first ODI - they're 68/2 at drinks after 15 overs, with Lito\xe2\x80\xa6"""
natural,b'RT @Refugees: \xe2\x80\x9cThey were from our communities and had no opportunity to go to school. I felt a strong responsibility to teach them.\xe2\x80\x9d\n\nAline\xe2\x80\xa6'
sports,"b""RT @cricbuzz: Mortaza's recent entry into politics and the hint that he would retire after the 2019 World Cup were received with mixed reac\xe2\x80\xa6"""
natural,b'RT @Refugees: \xe2\x80\x9cThey were from our communities and had no opportunity to go to school. I felt a strong responsibility to teach them.\xe2\x80\x9d\n\nAline\xe2\x80\xa6'
sports,b'1st ODI: Mushfiqur Rahim steers Bangladesh to easy win against West Indies https://t.co/XbkVz2K2fE https://t.co/K0l2wueM4i'
politics,b'RT @CP_Gang: HPM #SheikhHasina today called upon parents specially mothers to give attention to groom up their children as worthy citizens\xe2\x80\xa6'
sports,b'RT @ESPNcricinfo: How good was that catch from Tamim Iqbal? \n\nhttps://t.co/NUtXY3FRoE #BANvWI https://t.co/fGOBxFBMRR'
politics,"b'RT @CP_Gang: ADP implementation reaches record Tk 36,438 cr in July-Nov: Planning Minister AHM Mustafa Kamal.\n\n@ADB_Bangladesh \n@ADB_HQ \n\n#\xe2\x80\xa6'"
sports,b'RT @CP_Gang: An all-round performance from Mosaddek Hossain saw #Bangladesh U-23 team moved semi-final of the Emerging Teams Cup after beat\xe2\x80\xa6'
natural,"b""RT @GerrySimpsonHRW: Autumn 2017: one of world's poorest countries, Bangladesh, takes in 700,000 #Rohingya refugees in 16 weeks, triggering\xe2\x80\xa6"""
sports,b'Bangladesh inflict more pain on Windies in one-sided ODI affair - International Cricket Council https://t.co/k6bYXlQ0Xh'
politics,"b'The eleventh national Election of Bangladesh will hold 30,dec,2018.Basically two main party,BNP and AL led group,ha\xe2\x80\xa6 https://t.co/QJC7jji2rZ'"
sports,b'RT @ESPNcricinfo: A Man-of-the-Match performance from Bangladesh captain Mashrafe Mortaza in his 200th ODI \xf0\x9f\x91\x8f \n\nhttps://t.co/3x34NDjJE3 #BAN\xe2\x80\xa6'
natural,b'RT @CPropaganda_EN: As the world was focused on abortive efforts to begin repatriating hundreds of thousands of #Rohingya refugees from #Ba\xe2\x80\xa6'
sports,"b'With 2019 World Cup in mind, Bangladesh\xe2\x80\x99s Mustafizur Rahman to miss IPL auctions\n https://t.co/w3FQQg7i3y'"
politics,b'RT @CP_Gang: HPM #SheikhHasina today called upon parents specially mothers to give attention to groom up their children as worthy citizens\xe2\x80\xa6'
sports,b'@sdarnub @cricketworldcup @ICC @virendersehwag Whatever bangladesh still loosing matches against india\xf0\x9f\x98\x80\xf0\x9f\x98\x80'
natural,b'Our Saint Martin island \xf0\x9f\x8f\x96\xf0\x9f\x8f\x9d\nin my #Bangladesh \xf0\x9f\x8c\x8a\xf0\x9f\x8c\x8a\xf0\x9f\x8c\x8a\xf0\x9f\x8c\xb4\xf0\x9f\x8c\xb4\xf0\x9f\x8c\xb4\xf0\x9f\x8f\x9d\xf0\x9f\x8f\x9d\xf0\x9f\x8f\x96\xf0\x9f\x8f\x96 https://t.co/8OveGpWg9Z'
sports,b'Bangladesh Lead West Indies in ODI series opener https://t.co/Tfi6NxjJKU https://t.co/mecutKRs6w'
politics,b'RT @CP_Gang: HPM #SheikhHasina today called upon parents specially mothers to give attention to groom up their children as worthy citizens\xe2\x80\xa6'
sports,b'RT @ESPNcricinfo: How good was that catch from Tamim Iqbal? \n\nhttps://t.co/NUtXY3FRoE #BANvWI https://t.co/fGOBxFBMRR'
politics,"b'RT @CP_Gang: ADP implementation reaches record Tk 36,438 cr in July-Nov: Planning Minister AHM Mustafa Kamal.\n\n@ADB_Bangladesh \n@ADB_HQ \n\n#\xe2\x80\xa6'"
sports,b'Congratulations Bangladesh \xf0\x9f\x87\xa7\xf0\x9f\x87\xa9 cricket \xf0\x9f\x8f\x8f team \xf0\x9f\x91\x8f\xf0\x9f\x8f\xbc\xf0\x9f\x91\x8d\xf0\x9f\x8f\xbc https://t.co/Rqnu4Xw2V2'
politics,"b""Pakistan's spy service actively working for jihadist organization to be part of Bangladesh's next government\xe2\x80\xa6 https://t.co/y5MxtR4stD"""
sports,b'RT @ACCMedia1: Ghulam Mudassar is the last man to be dismissed as Bangladesh bowl out Pakistan for 225! #BANvPAK #ETAC2018'
natural,b'A report by Human Rights Watch (HRW) revealed that security forces of Myanmar have planted landmines along the Bang\xe2\x80\xa6 https://t.co/3tveNaO5OU'
sports,b'RT @CP_Gang: An all-round performance from Mosaddek Hossain saw #Bangladesh U-23 team moved semi-final of the Emerging Teams Cup after beat\xe2\x80\xa6'
politics,"b'ADP implementation reaches record Tk 36,438 cr in July-Nov: Planning Minister AHM Mustafa Kamal.\n\n@ADB_Bangladesh\xe2\x80\xa6 https://t.co/ah2BmCyOYc'"
sports,b'Mushfiqur Rahim Steers Bangladesh To Easy Win Against Windies In 1st ODI https://t.co/bMtVOFBXUh Bangladesh restric\xe2\x80\xa6 https://t.co/lc87nInO2t'
politics,"b""Pakistan's spy service actively working for jihadist organization to be part of Bangladesh's next government\xe2\x80\xa6 https://t.co/PpAFYnSoXq"""
sports,b'RT @ESPNcricinfo: How good was that catch from Tamim Iqbal? \n\nhttps://t.co/NUtXY3FRoE #BANvWI https://t.co/fGOBxFBMRR'
politics,b'RT @basherkella: This is what actually happened during justifying the legality of nomination\n\n#Bangladesh #BDElection18 #BoycottEC #bdpolls\xe2\x80\xa6'
sports,b'RT @CP_Gang: An all-round performance from Mosaddek Hossain saw #Bangladesh U-23 team moved semi-final of the Emerging Teams Cup after beat\xe2\x80\xa6'
politics,b'#AwamiLeague accuses #BNP of conspiring with Pakistani diplomats https://t.co/QepPHjyrH7'
sports,"b'Today on my daily cricket show, Cricket Happenings on you tube live with 479 subscribers, Australia bowled India ou\xe2\x80\xa6 https://t.co/8O367oSNBE'"
politics,b'HPM #SheikhHasina today called upon parents specially mothers to give attention to groom up their children as worth\xe2\x80\xa6 https://t.co/KDtow4ljbn'
sports,"b""RT @CricketopiaCom: Kohli reached 1000 runs in Australia in 18th innings\n\nKohli's Test runs in each country\nIndia - 3105 @ 64.68\nAustralia\xe2\x80\xa6"""
natural,b'I\xe2\x80\x99m just en route to Bangladesh to fulfil my promises to deliver aid to the Rohingya insha Allah \n\nJazak Allahu Kha\xe2\x80\xa6 https://t.co/YdMJsXyHDy'
sports,"b""RT @cricbuzz: Mortaza's recent entry into politics and the hint that he would retire after the 2019 World Cup were received with mixed reac\xe2\x80\xa6"""
natural,"b'RT @mpac_national: ""It didn\'t matter if someone had family roots in Bangladesh, Egypt/Puerto Rico; if they were Muslim, #Brooklyn welcomed\xe2\x80\xa6'"
sports,b'Congratulation Double Bangladesh B-)\n\nhttps://t.co/uSIErVBukZ\n\nBD VS WI BD WIN\n\nEmerging ASIA CUP\nBD VS PAK BD WIN\xe2\x80\xa6 https://t.co/JH9useBNyp'
natural,b'RT @ChyAtikur: @d_jaishankar @WalterLohman Fake news Dhruv. Your strategic partnership should have always been with China not USA. First ma\xe2\x80\xa6'
sports,b'RT @BrokenCricket: Mustafizur Rahman will miss IPL 2019. \n\nThe Bangladesh Cricket Board haven\xe2\x80\x99t granted him an NOC to participate.'
politics,b'Pakistan\xe2\x80\x99s spy service actively working for jihadist organization to be part of Bangladesh\xe2\x80\x99s next government https://t.co/rH22RghWxU'
sports,"b'@SaleheenNabil Oh, Cricket Fan? One Thing I now about people from Bangladesh is that they Really Loves Their Cricket Team!!'"
natural,"b""RT @sumuelahi: It's time to seriously consider a #carbonTAX in #Bangladesh via @dailystarnews wake up call for #ClimateChange time to movem\xe2\x80\xa6"""
sports,b'RT @ESPNcricinfo: How good was that catch from Tamim Iqbal? \n\nhttps://t.co/NUtXY3FRoE #BANvWI https://t.co/fGOBxFBMRR'
natural,"b'RT @nslwin: A group of prominent #Rohingya living in #Europe is raising funds to develop their community. \n\n""Your support will be their hop\xe2\x80\xa6'"
sports,b'Mushfiqur steers Bangladesh to easy win against Windies \nhttps://t.co/OTTfhD0lmL'
politics,"b'RT @JanJohnsonFL: @HillaryClinton Your sin is bing exposed: ""Bangladesh prime minister says Clinton personally pressured her to help founda\xe2\x80\xa6'"
sports,"b""Mortaza's recent entry into politics and the hint that he would retire after the 2019 World Cup were received with\xe2\x80\xa6 https://t.co/ki7xSqFuWR"""
natural,b'RT @basherkella: Girl dies in Gulshan accident. \n#Bangladesh https://t.co/cVw3GmVJ0J via @dailystarnews'
sports,b'RT @ESPNcricinfo: How good was that catch from Tamim Iqbal? \n\nhttps://t.co/NUtXY3FRoE #BANvWI https://t.co/fGOBxFBMRR'
crime,b'Student killed by political leader for refusing to get cigarette https://t.co/RbiXTtz1Us'
sports,"b""Mortaza's recent entry into politics and the hint that he would retire after the 2019 World Cup were received with\xe2\x80\xa6 https://t.co/tQ7jvoATLV"""
politics,b'RT @basherkella: Awami Government shows they believe in women empowerment. Matter of sorrow in the last six years #Bangladesh experienced a\xe2\x80\xa6'
sports,"b""RT @cricbuzz: Mortaza's recent entry into politics and the hint that he would retire after the 2019 World Cup were received with mixed reac\xe2\x80\xa6"""
politics,"b'RT @JanJohnsonFL: @HillaryClinton Your sin is bing exposed: ""Bangladesh prime minister says Clinton personally pressured her to help founda\xe2\x80\xa6'"
sports,"b'Bangladesh tick most boxes in dominating first ODI victory: Mashrafe led the way as West Indies were kept to 195, a\xe2\x80\xa6 https://t.co/m75AcEv5v6'"
politics,"b'RT @JanJohnsonFL: @HillaryClinton Your sin is bing exposed: ""Bangladesh prime minister says Clinton personally pressured her to help founda\xe2\x80\xa6'"
sports,b'RT @_cricingif: Report: An easy chase for Bangladesh after the @windiescricket set a target of 196 in the first ODI #BANvWI \nhttps://t.co/q\xe2\x80\xa6'
politics,b'RT @basherkella: Chhatra League #BCL leader demanded ransom from a former leader of his party and shot with gun. If they can do this to the\xe2\x80\xa6'
sports,b'Bangladesh Vs West Indies\nFirst ODI \nMirpur Ser-re Bangla national cricket stadium At Dhaka https://t.co/wz8QSHEVPq'
politics,b'RT @basherkella: This is what actually happened during justifying the legality of nomination\n\n#Bangladesh #BDElection18 #BoycottEC #bdpolls\xe2\x80\xa6'
sports,b'RT @ESPNcricinfo: How good was that catch from Tamim Iqbal? \n\nhttps://t.co/NUtXY3FRoE #BANvWI https://t.co/fGOBxFBMRR'
politics,b'The district Returning Officer issued ban on foreigners visit in Bandarban centering the upcoming general election. https://t.co/ug4lwWnpD2'
sports,"b'BANGLADESH vs WEST INDIES, 2nd ODI 2018 DHAKA || LIVE STREAMING *COUNTDOWN* || \xe2\x80\x93 Dhaka\xc2\xa0Video https://t.co/5DuPpa6IKS https://t.co/UcCN7KnZi2'"
politics,"b'RT @JanJohnsonFL: @HillaryClinton Your sin is bing exposed: ""Bangladesh prime minister says Clinton personally pressured her to help founda\xe2\x80\xa6'"
sports,b'RT @JamaicaGleaner: Bangladesh beat Windies by five wickets \xe2\x80\x93 1st ODI - https://t.co/X3ytgG6xGS'
politics,b'TRT World: Bangladesh opposition say hundreds of supporters arrested.\nhttps://t.co/M05SLXbrK8\n\nvia @GoogleNews'
sports,b'Bangladesh draw first blood as @windiescricket continue to struggle #BANvWI . More scratching of heads to come with\xe2\x80\xa6 https://t.co/AvK9rA1thA'
crime,"b'14-year old rape victim lashed to death in Bangladesh under Islamic sharia law on charges of ""Adultery"" (her rapist\xe2\x80\xa6 https://t.co/6pqx5ynOLZ'"
sports,b'RT @ESPNcricinfo: How good was that catch from Tamim Iqbal? \n\nhttps://t.co/NUtXY3FRoE #BANvWI https://t.co/fGOBxFBMRR'
natural,b'the Jewish girl.\n(artwork on a very tiny piece of wasted paper. you can think it as a recycling. \xf0\x9f\x98\x9c)\n#artwork\xe2\x80\xa6 https://t.co/id1WGFbvNc'
sports,b'RT @AP_Sports: Bangladesh wins 1st ODI v West Indies with 89 balls to spare https://t.co/928k92uGJO https://t.co/EaGVsImYM1'
politics,"b'RT @JanJohnsonFL: @HillaryClinton Your sin is bing exposed: ""Bangladesh prime minister says Clinton personally pressured her to help founda\xe2\x80\xa6'"
sports,b'RT @BrokenCricket: Mustafizur Rahman will miss IPL 2019. \n\nThe Bangladesh Cricket Board haven\xe2\x80\x99t granted him an NOC to participate.'
natural,b'RT @GouseJilaniAA: Free clothes (winter clothing) distribution to the poor people and street children by Bangladesh @alluarjun fans \xf0\x9f\x91\x8f\xf0\x9f\x91\x8f\xf0\x9f\x91\x8c\xf0\x9f\x91\x8c ht\xe2\x80\xa6'
sports,b'RT @ESPNcricinfo: Bangladesh ease to a 1-0 series lead \n\nhttps://t.co/3x34NDjJE3 #BANvWI https://t.co/nQydXRZ8qX'
crime,"b""RT @SnghAP: @aniltewatia @Kaalateetham Without Police connivance cow smuggling to east (Bangladesh ) can't happen . Yes I agree with you .\xe2\x80\xa6"""
sports,b'Bangladesh wins 1st ODI v West Indies with 89 balls to spare https://t.co/928k92uGJO https://t.co/EaGVsImYM1'
natural,b'Rohingya children playing together\n\nThe Inspire Medics Rohingya pilot project \xf0\x9f\x91\x89\xf0\x9f\x8f\xbdhttps://t.co/oSkHPj0thk\n#child\xe2\x80\xa6 https://t.co/fOjrw1OcvW'
sports,b'RT @cricbuzz: Brilliant Rahim powers Bangladesh to a comfortable five-wicket victory. \n#BANvWI \nhttps://t.co/dZfRtg623p'
natural,b'RT @Seditious_medic: @jack Please come and meditate in our clinic across the border in Bangladesh after you\xe2\x80\x99ve spoken to our Rohingya patie\xe2\x80\xa6'
sports,b'Bangladesh Vs West Indies\nFirst ODI at Mirpur sher-e-bangla national cricket stadium https://t.co/R0r7CmirDk'
politics,b'Police show #Chattogram city\xe2\x80\x99s #BNP President Shahadat Hossain arrested in two more cases #Bangladesh https://t.co/8dRyBkglF2'
sports,b'RT @ESPNcricinfo: A Man-of-the-Match performance from Bangladesh captain Mashrafe Mortaza in his 200th ODI \xf0\x9f\x91\x8f \n\nhttps://t.co/3x34NDjJE3 #BAN\xe2\x80\xa6'
politics,"b'Mass arrests of opposition activists continue\nRecord inmates in jails\nMuktadir Rashid | Published: 00:00, Nov 10,20\xe2\x80\xa6 https://t.co/I9Rzg9m7JP'"
sports,b'RT @Cricketracker: Bangladesh won by 5 wickets. #BANvWI https://t.co/tUsVFKRaV1'
natural,"b'RT @USIP: One year after Burmese military clearance operations forcibly displaced over 700,000 Rohingya, @Greta and a camera crew travelled\xe2\x80\xa6'"
sports,b'#BANvWI 1st ODI at Dhaka. 1st innings #WestIndies scored 195/9 in 50 overs. 2nd innings #Bangladesh scored 196/5 in\xe2\x80\xa6 https://t.co/TbKDrHPF3f'
crime,"b""RT @fixerBD: Bangladeshi workers among Top Glove's illegal overtime victims https://t.co/4kppOJgtg0"""
sports,b'RT @ESPNcricinfo: A Man-of-the-Match performance from Bangladesh captain Mashrafe Mortaza in his 200th ODI \xf0\x9f\x91\x8f \n\nhttps://t.co/3x34NDjJE3 #BAN\xe2\x80\xa6'
natural,b'Bangladesh is an Asian nation located to the east of India. The country\xe2\x80\x99s capital is Dhaka. Bangladesh gained indep\xe2\x80\xa6 https://t.co/Fp9pkabjZr'
sports,"b""RT @ICC: Bangladesh cruise to a 1-0 ODI series lead!\n\nOnly 35.1 overs are needed to overhaul West Indies' 195/9, Mushfiqur Rahim (55*) and\xe2\x80\xa6"""
natural,"b'@TheRedRiver1 In fact I am one of his decendants and our clan is scattered between Assam,Bangladesh and West Bengal\xe2\x80\xa6 https://t.co/bM7hZOeIzC'"
sports,b'RT @ESPNcricinfo: Bangladesh ease to a 1-0 series lead \n\nhttps://t.co/3x34NDjJE3 #BANvWI https://t.co/nQydXRZ8qX'
natural,b'Ashraful Alom Saeed popularly known as Hero Alom is reportedly Bangladesh\xe2\x80\x99s social media sensation and actor. This\xe2\x80\xa6 https://t.co/foHn9I3tpQ'
sports,b'Shakib Al Hasan plays a shot as the West Indies cricketer Shai Hope (R) looks on. (Photo by MUNIR UZ ZAMAN / AFP)\xe2\x80\xa6 https://t.co/QqWyH84HWZ'
natural,b'Climate change &amp; disasters #ForMigration side event making for sober listening. Important reminders from panel that\xe2\x80\xa6 https://t.co/1fSsfd3EuP'
sports,"b'RT @ICC: Mortaza, Rahman, Das and Rahim starred Bangladesh eased to a five-wicket win against West Indies in their ODI series opener in Dha\xe2\x80\xa6'"
natural,b'RT @maidros78: Beautiful! BSF tormenting 11 Hindu refugees from Bangladesh in Meghalaya [under the great Hindu sarkar]. https://t.co/Mxb5Ji\xe2\x80\xa6'
sports,b'RT @SkyCricket: Mashrafe Mortaza starred in his 200th ODI with his three wickets helping Bangladesh beat Windies in the series opener in Dh\xe2\x80\xa6'
natural,"b'DYDF celebrated Violence Against Women Week at Nilphamari ,  Bangladesh by the support of @UNDP_BD \nWe want to crea\xe2\x80\xa6 https://t.co/VcWx1YPBbv'"
sports,b'@SYahyaHussaini @TheRealPCB @BLACKCAPS @InziTheLegend Do you see bowling card of pakistan againt Bangladesh? Too mu\xe2\x80\xa6 https://t.co/XIAf6TcOxO'
natural,"b'RT @tamarasblend: ""#Climatechange is not just a humanitarian and environmental issue for us, it\xe2\x80\x99s also security issue. If part of country i\xe2\x80\xa6'"
sports,b'I liked a @YouTube video https://t.co/DlLyjJOoMr Bangladesh vs Windies Highlights || 1st ODI || Windies tour of Bangladesh 2018'
natural,"b""RT @BigPoliticsNerd: @jack I'm stunned you would visit &amp; promote Myanmar given the atrocities the govt has perpetrated against the #Rohingy\xe2\x80\xa6"""
sports,"b'RT @SYahyaHussaini: Selection process in @TheRealPCB is now really alarming . Just a day after defeat against @BLACKCAPS ,Pakistan team los\xe2\x80\xa6'"
natural,"b'RT @MissZola: Migration + climate change - great panel discussion at #globalcompactformigration with impacted States Tuvalu + Bangladesh, @\xe2\x80\xa6'"
sports,b'1st ODI: Bangladesh beat West Indies by 5\xc2\xa0wickets https://t.co/AS1Pf5vuIw https://t.co/UugQfU0X4P'
politics,"b'#BangladeshElections \xc2\x97 ""The elections will be fiercely contested. That seems understandable. The difference, though\xe2\x80\xa6 https://t.co/J1O5oo14xv'"
sports,"b""RT @ICC: Bangladesh cruise to a 1-0 ODI series lead!\n\nOnly 35.1 overs are needed to overhaul West Indies' 195/9, Mushfiqur Rahim (55*) and\xe2\x80\xa6"""
natural,"b'The @SwissArtSpace1 is exhibiting beautiful photos of some of the people we serve in #Nepal and #Bangladesh, taken\xe2\x80\xa6 https://t.co/XlL0h2eaUE'"
sports,b'RT @toisports: #BANvWI \n\nBangladesh beat West Indies by five wickets in first ODI\n\nREAD\xe2\x9e\xa1\xef\xb8\x8fhttps://t.co/H0wFYIG4Uv https://t.co/PMlDWP25pe'
natural,b'Climate change is not only an environmental issue but also a security issue for Bangladesh - Foreign Secretary Shah\xe2\x80\xa6 https://t.co/SUh1dfyoLJ'
sports,"b'RT @cricbuzz: After two early wickets, Bangladesh are looking in control in their pursuit of 196. Liton(31*) and Rahim(8*) are at the creas\xe2\x80\xa6'"
crime,"b'RT @EconomicTimes: This #gold is believed to be smuggled from #India\xe2\x80\x99s land borders with Bangladesh, Myanmar, Nepal, Bhutan and China.  htt\xe2\x80\xa6'"
sports,"b""https://t.co/LQv2h0t7hz Tamim's return gives Bangladesh happy headache\xe2\x80\x93 Who among Tamim, Imrul Kayes, Soumya Sarkar\xe2\x80\xa6 https://t.co/d61Lg7mKOH"""
politics,b'RT @artwaniparas: @Swamy39 Mamta Banerjee is planning to hand over Sri Aurobindo Bhavan Kolkata to Bangladesh Government. Save Sri Aurobind\xe2\x80\xa6'
natural,"b""Footage shows 'prison-like units' built for Rohingya on Bangladesh island | World news https://t.co/Ia0jGti9jJ"""
sports,b'The men in maroon will be looking for a better showing in the ODI Series vs Bangladesh. Best of luck boys! \xf0\x9f\x91\x8f\xf0\x9f\x91\x8f\xf0\x9f\x91\x8f\xe2\x80\xa6 https://t.co/68fnSOks5o'
natural,"b'President to visit Myanmar next week. Visit comes even as India calls Myanmar, Bangladesh to implement Rohingya rep\xe2\x80\xa6 https://t.co/E2Yh9mJKFm'"
sports,b'RT @windiescricket: The men in maroon will be looking for a better showing in the ODI Series vs Bangladesh. Best of luck boys! \xf0\x9f\x91\x8f\xf0\x9f\x91\x8f\xf0\x9f\x91\x8f\n#BANvsWI\xe2\x80\xa6'
natural,"b'RT @RefugeesIntl: Have you been tracking the #RohingyaCrisis? The documentary ""Displaced"" looks at #Rohingya refugees\' current reality livi\xe2\x80\xa6'"
politics,b'Khaleda loses all 3 appeals at EC BNP Chairperson Khaleda Zia lost a legal battle to contest the December 30 nation\xe2\x80\xa6 https://t.co/7HzWyMw2z5'
natural,b'RT @J_Juerfons: Human rights in Bangladesh: How World Vision works with children &amp; communities \xe2\x80\x94 World V... https://t.co/L4nAWBH7zn https:/\xe2\x80\xa6'
politics,b'The JP plot thickens The Jatiya Party was going to unveil the final list of candidates at a press conference around\xe2\x80\xa6 https://t.co/qKNgYo9OPJ'
sports,b'RT @windiescricket: The men in maroon will be looking for a better showing in the ODI Series vs Bangladesh. Best of luck boys! \xf0\x9f\x91\x8f\xf0\x9f\x91\x8f\xf0\x9f\x91\x8f\n#BANvsWI\xe2\x80\xa6'
natural,"b'RT @calebmaupin: Honduras, Nigeria, Bangladesh, Haiti... examples of what #freemarket #capitalism &amp; rule of western bankers has to offer th\xe2\x80\xa6'"
sports,"b'BAN vs WI-1st ODI||Playing 11,Dream11 &amp; BalleBaazi Teams|| Full Preview|| Bangladesh vs Windies||: https://t.co/rvVAKTeqad via'"
natural,"b'RT @RefugeesIntl: Have you been tracking the #RohingyaCrisis? The documentary ""Displaced"" looks at #Rohingya refugees\' current reality livi\xe2\x80\xa6'"
sports,b'RT @Mustafiz90: We are all set for first ODI against Windies. Remember team Bangladesh in your prayers. #BANvWI https://t.co/L8418HyKrY'
natural,b'RT @MiaSeppo: Pleased to have joined forces with @knutostby to bring together the UN Country Teams in Bangladesh and Myanmar for joined up\xe2\x80\xa6'
politics,"b'RT @info_shibir: #Chhatrashibir Cox\'sBazar branch unveils a souvenir named ""Preronar Soudh\'18"", dedicated to the martyrs of #shibir.\n#Bangl\xe2\x80\xa6'"
natural,"b'RT @RefugeesIntl: Have you been tracking the #RohingyaCrisis? The documentary ""Displaced"" looks at #Rohingya refugees\' current reality livi\xe2\x80\xa6'"
sports,b'RT @windiescricket: The men in maroon will be looking for a better showing in the ODI Series vs Bangladesh. Best of luck boys! \xf0\x9f\x91\x8f\xf0\x9f\x91\x8f\xf0\x9f\x91\x8f\n#BANvsWI\xe2\x80\xa6'
natural,"b'RT @nslwin: A group of prominent #Rohingya living in #Europe is raising funds to develop their community. \n\n""Your support will be their hop\xe2\x80\xa6'"
politics,"b""Bangladesh's ruling 'secular' Awami League strengthens ties with Islamist parties.\n\nMany of the Islamist parties ar\xe2\x80\xa6 https://t.co/tiMF6wLg0M"""
natural,b'RT @Refugees: What do you want to do when you grow up?\n\nYasmine wants to study English like her father.\n\nThis bright Rohingya refugee child\xe2\x80\xa6'
sports,"b'Again Coming soon BPL @ Dhaka, Bangladesh https://t.co/Xr3jMRyoDo'"
crime,b'RT @BDDream71: 10 years of Extrajudicial killing in #Bangladesh. \nTotal killing 2161.  \n#BDElection18 #Vote4Change #SaveBangladesh https://\xe2\x80\xa6'
natural,"b""RT @UNICEFEducation: \xe2\x80\x9cGirls' rights matter because it means I\xe2\x80\x99m protected from being harmed. It means I\xe2\x80\x99m allowed to get an education and h\xe2\x80\xa6"""
sports,b'RT @Mustafiz90: We are all set for first ODI against Windies. Remember team Bangladesh in your prayers. #BANvWI https://t.co/L8418HyKrY'
natural,b'Rohingya refugees stretch their hands for food after crossing the Bangladesh-Myanmar border. Please Donate for thei\xe2\x80\xa6 https://t.co/YwAwUVo9T6'
sports,b'RT @Mustafiz90: Congratulations Mushfiq bhai on reaching milestone. Keep the hunting mood on with the bat and keep converting these achieve\xe2\x80\xa6'
natural,b'RT @MuhammadEdris12: Arakan Times #Rohingya #Demanding #Bangladesh #Myanmar #Repatriation #Remember \n\n08|12|2018 Rohingya Refugee in Bangla\xe2\x80\xa6'
sports,b'@Mustafiz90 Best Wishes fir Team Bangladesh.'
natural,"b'&lt;VidMate&gt; 08|12|2018 Rohingya Refugee in Bangladesh Demand For ""Justice Ongoing Genocide &amp; Basic Human Rights""\xe2\x80\xa6 https://t.co/RvWFKO7OKb'"
sports,b'RT @windiescricket: The men in maroon will be looking for a better showing in the ODI Series vs Bangladesh. Best of luck boys! \xf0\x9f\x91\x8f\xf0\x9f\x91\x8f\xf0\x9f\x91\x8f\n#BANvsWI\xe2\x80\xa6'
natural,"b'RT @RefugeesIntl: Have you been tracking the #RohingyaCrisis? The documentary ""Displaced"" looks at #Rohingya refugees\' current reality livi\xe2\x80\xa6'"
sports,"b'1st ODI: Bangladesh v West Indies at  Dhaka- Dec 9, 2018\nMatch scheduled to begin at 13:00 local time (07:00 GMT) #BANvWI'"
natural,"b'RT @nslwin: A group of prominent #Rohingya living in #Europe is raising funds to develop their community. \n\n""Your support will be their hop\xe2\x80\xa6'"
sports,"b""RT @deeputalks: TIL Shimron Hetmyer's 15 sixes in the two-Test series in Bangladesh is the most ever by a batsman in a Test series.\nHe went\xe2\x80\xa6"""
natural,b'Shelters are being completed in Bangladesh for the Rohingya refugees who have fled the terrible situation taking pl\xe2\x80\xa6 https://t.co/qxcYSHL99Y'
sports,"b'West Indies showed promise in India, but fell away.\n\nCan they find success in Bangladesh?\n\n#BANvWI 1st ODI Preview\xe2\x80\xa6 https://t.co/TS7rrkbu0P'"
natural,"b'RT @sidhant: President to visit Myanmar next week. Visit comes even as India calls Myanmar, Bangladesh to implement Rohingya repatriation a\xe2\x80\xa6'"
sports,"b'1st ODI: Bangladesh v West Indies at  Dhaka- Dec 9, 2018\nMatch scheduled to begin at 13:00 local time (07:00 GMT) #BANvWI'"
natural,b'Can genetically modified crops improve the lives of the poorest farmers?\n\nFollow the interactive web story of Bangl\xe2\x80\xa6 https://t.co/ogCgcXIvqy'
sports,b'RJR Sports: Windies begin ODI series against Bangladesh https://t.co/SfUyfZtlwv'
natural,b'A group of \xc2\xa0Rohingya refugees after crossing the Bangladesh-Myanmar border. Chittagong Welfare Trust are providing\xe2\x80\xa6 https://t.co/dfqSDLTBru'
sports,b'RT @windiescricket: The men in maroon will be looking for a better showing in the ODI Series vs Bangladesh. Best of luck boys! \xf0\x9f\x91\x8f\xf0\x9f\x91\x8f\xf0\x9f\x91\x8f\n#BANvsWI\xe2\x80\xa6'
natural,"b""RT @AJEnglish: Can genetically modified crops improve the lives of the poorest farmers?\n\nFollow the interactive web story of Bangladesh's G\xe2\x80\xa6"""
sports,b'RT @Mustafiz90: We are all set for first ODI against Windies. Remember team Bangladesh in your prayers. #BANvWI https://t.co/L8418HyKrY'
crime,"b'RT @EconomicTimes: This #gold is believed to be smuggled from #India\xe2\x80\x99s land borders with Bangladesh, Myanmar, Nepal, Bhutan and China.  htt\xe2\x80\xa6'"
sports,"b'1st ODI: Bangladesh v West Indies at  Dhaka- Dec 9, 2018\nMatch scheduled to begin at 13:00 local time (07:00 GMT) #BANvWI'"
natural,b'RT @IDRF: Shelters are being completed in Bangladesh for the Rohingya refugees who have fled the terrible situation taking place back in th\xe2\x80\xa6'
sports,"b'Today Bangladesh vs Windies 1st ODI \n12:00 pm/pst \nLive On\nBTV NATIONAL ,\nGAZI TV ,\nSTAR SPORTS SELECT 2 ,\nSTAR SPO\xe2\x80\xa6 https://t.co/we4dH1lAkI'"
natural,"b'RT @RefugeesIntl: Have you been tracking the #RohingyaCrisis? The documentary ""Displaced"" looks at #Rohingya refugees\' current reality livi\xe2\x80\xa6'"
sports,b'I added a video to a @YouTube playlist https://t.co/vl4Fx0yrSQ Bangladesh Vs.West Indies 1st ODI_Live Cricket Score_BAN Tour of WI'
politics,"b'RT @GolamRabbanibsl: HPM #SheikhHasina said the people of the country do not want to see the party of killers, war criminals, anti-liberati\xe2\x80\xa6'"
sports,b'I added a video to a @YouTube playlist https://t.co/HZXbaBynPW Bangladesh vs Pakistan T-20 Match_ Live Cricket Score_ Ashes Cricket'
crime,"b'RT @ikfaisal: Pakistan should apologize for their committed war crime in Bangladesh. As promised, they should also start trial of 195 Pakis\xe2\x80\xa6'"
crime,"b""- bangladesh does not expresses but crime against hindu's, torching of hindu's temples since 1947, even after 1971\xe2\x80\xa6 https://t.co/1nN61v7RSU"""
crime,b'@DoubleJones1 @aishagani @tannenbaumr @jack DO you think its possible to hide the alleged killed? Are you saying th\xe2\x80\xa6 https://t.co/I52h4zg8FM'
crime,b'RT @PostWorldNews: Protesters paralyze parts of Bangladesh after a speeding bus kills two students https://t.co/oUYLJO4mV7'
crime,"b'The murderers are described as South Asian .Just learned that includes  Afghanistan, Bangladesh,Pakistan...lucky,th\xe2\x80\xa6 "
crime,"b'RT @HillelNeuer: Meet #Bangladesh, new member of @UN_HRC as of tomorrow:\nExtrajudicial killings, torture, arbitrary detention, forced disap\xe2\x80\xa6'"
crime,b'RT @BDDream71: 10 years of Extrajudicial killing in #Bangladesh. \nTotal killing 2161.  \n#BDElection18 #Vote4Change #SaveBangladesh https://\xe2\x80\xa6'
crime,b'RT @PostWorldNews: Protesters paralyze parts of Bangladesh after a speeding bus kills two students https://t.co/oUYLJO4mV7'
crime,b'Protesters paralyze parts of Bangladesh after a speeding bus kills two students https://t.co/oUYLJO4mV7'
crime,"b'@CNBC @CNBCMakeIt Today ""Biswajit Das Killing day"" On that day In Bangladesh. Biswajit\xc2\xa0was a 24-year-old hindu tail\xe2\x80\xa6 https://t.co/Ov5yjQjViR'"
crime,"b'RT @HillelNeuer: Meet #Bangladesh, new member of @UN_HRC as of tomorrow:\nExtrajudicial killings, torture, arbitrary detention, forced disap\xe2\x80\xa6'"
crime,b'RT @satendrakumart: Muslims demanded separate country and got Pakistan and Bangladesh. They killed almost all Hindu residing there after pa\xe2\x80\xa6'
natural,"b'Hey @jack, would be great if you could go and visit the #Rohingya refugees in #Bangladesh. It will help you to unde\xe2\x80\xa6 https://t.co/xw5jGayhoW'"
sports,b'RT @Mustafiz90: We are all set for first ODI against Windies. Remember team Bangladesh in your prayers. #BANvWI https://t.co/L8418HyKrY'
politics,b'HPM #SheikhHasina has aimed to boost the economic growth of #Bangladesh as high as 10 percent if she is re-elected\xe2\x80\xa6 https://t.co/TVx9oabSHJ'
crime,b'RT @Hammad_Azhar: @am_nawazish The duty structure on phones is the same as before. We simply clamped down on smuggling. And a flat rate can\xe2\x80\xa6'
sports,b'#AUSvIND #AUSvsIND #AusvIndia #ChhodnaMat \n#ShameOnSPNSports \n#AskTheExpert Why did @SPNSportsIndia HATE only\xe2\x80\xa6 https://t.co/lmMe5Xj1Xc'
natural,b'RT @DDisplacement: Climate change is not only an environmental issue but also a security issue for Bangladesh - Foreign Secretary Shahidul\xe2\x80\xa6'
politics,b'@RahulGandhi Smt Indra Gandhi ji independent Bangladesh independent Bangladesh president and surrender 93000 soldie\xe2\x80\xa6 https://t.co/UICJAiFqar'
natural,b'RT @Refugees: \xe2\x80\x9cThey were from our communities and had no opportunity to go to school. I felt a strong responsibility to teach them.\xe2\x80\x9d\n\nAline\xe2\x80\xa6'
sports,b'#AUSvIND #AUSvsIND #AusvIndia #ChhodnaMat \n#ShameOnSPNSports \n#AskTheExpert Why did @SPNSportsIndia HATE only\xe2\x80\xa6 https://t.co/lmMe5Xj1Xc'
natural,b'91 years old Australian build 42 schools in Bangladesh https://t.co/EIRN8NbK5C'
natural,b'RT @taslimanasreen: Hypocrite Bangladesh celebrating  birth anniversary extravaganza of an early 20th century  feminist writer who is now d\xe2\x80\xa6'
crime,b'RT @ivowtothee: British beauty queen forced to marry #Bangladesh man twice her age when she was just 15 he raped her every single day so sh\xe2\x80\xa6'
natural,"b""#freedom @ Gloria Jean's Coffees Bangladesh https://t.co/o2WDmNKL0C"""
sports,b'Congrats Bangladesh cricket team won the first ODI against West Indies.congrats masrafe played 200th ODI.ODI no-407\xe2\x80\xa6 https://t.co/SDLmEGIeI7'
natural,b'RT @qz: \xe2\x80\x9cI try to take their pain away through play\xe2\x80\x9d: A healing experiment in Rohingya refugee camps https://t.co/E1WulBp2qt'
sports,b'RT @CPL: The target is 196 for the Bangladesh Cricket Team !!! #BANvWI #CricketPlayedLouder https://t.co/MuFY5e64Id'
politics,b'Bangladesh party says hundreds of supporters held before polls - https://t.co/DSQlCdztsF'
crime,b'RT @Hammad_Azhar: @am_nawazish The duty structure on phones is the same as before. We simply clamped down on smuggling. And a flat rate can\xe2\x80\xa6'
natural,b'RT @dennisyemyint: #Rohingya is not an ethnic but a political construction. A significant number of Muslims from Bengal (at the time part o\xe2\x80\xa6'
crime,"b""RT @Galaxy2Milkiway: @krassenstein This guy's real name is mahfuzur Rahman &amp; disguised name Prince. In 2016 he opened a fake consultancy fi\xe2\x80\xa6"""
natural,"b""RT @AJEnglish: Can genetically modified crops improve the lives of the poorest farmers?\n\nFollow the interactive web story of Bangladesh's G\xe2\x80\xa6"""
sports,b'RT @BrokenCricket: Mustafizur Rahman will miss IPL 2019. \n\nThe Bangladesh Cricket Board haven\xe2\x80\x99t granted him an NOC to participate.'
natural,"b'RT @deirdrekent: ""Much of Bangladesh will be flooded by the end of the century, if not before. Millions of Bangladeshis will become homeles\xe2\x80\xa6'"
sports,"b'@euniqueusername @HOUNGOUNGAGNE oh damm more than 800k players online at the same time , valve have to create and b\xe2\x80\xa6 https://t.co/Ewjgkh2xAR'"
natural,b'A China-Bangladesh joint venture is going to construct mega expressway bypassing Dhaka.\n\n https://t.co/K4LoOI1dqH'
politics,"b'JP refuses to quit in 145 seats Aggrieved at getting only 29 seats from the ruling Awami League, the Jatiya Party h\xe2\x80\xa6 https://t.co/LMa19PliOS'"
natural,"b'#CKD is more common in people of south Asian origin (India, Bangladesh, Sri Lanka and Pakistan) and black people than the general population'"
politics,"b'One killed, over 200 injured in Tabligh Jamaat factional clash in Tongi https://t.co/zuTADIOAfx'"